token,timestamp,iterations,elapsedtime,averagetime
LEOTIMING,Wed Feb 13 2019 10:50:16 GMT+0800 (HKT),5,24236,1156
LEOTIMING,Wed Feb 13 2019 10:50:16 GMT+0800 (HKT),5,24238,1156
LEOTIMING,Wed Feb 13 2019 10:50:16 GMT+0800 (HKT),4,24239,1330.75
LEOTIMING,Wed Feb 13 2019 10:50:16 GMT+0800 (HKT),4,24239,1330.75
LEOTIMING,Wed Feb 13 2019 10:50:16 GMT+0800 (HKT),4,24240,1331
LEOTIMING,Wed Feb 13 2019 10:50:16 GMT+0800 (HKT),4,24240,1331
LEOTIMING,Wed Feb 13 2019 10:50:16 GMT+0800 (HKT),4,24240,1331.25
LEOTIMING,Wed Feb 13 2019 10:50:16 GMT+0800 (HKT),4,24241,1331.25
LEOTIMING,Wed Feb 13 2019 10:50:16 GMT+0800 (HKT),5,24237,1156
LEOTIMING,Wed Feb 13 2019 10:50:16 GMT+0800 (HKT),5,24237,1156
LEOTIMING,Wed Feb 13 2019 10:50:16 GMT+0800 (HKT),5,24238,1156.2
LEOTIMING,Wed Feb 13 2019 10:50:16 GMT+0800 (HKT),6,24500,952.6666666666666
LEOTIMING,Wed Feb 13 2019 10:50:16 GMT+0800 (HKT),7,24499,816.5714285714286
LEOTIMING,Wed Feb 13 2019 10:50:16 GMT+0800 (HKT),7,24498,817.4285714285714
LEOTIMING,Wed Feb 13 2019 10:50:16 GMT+0800 (HKT),7,24498,816.4285714285714
LEOTIMING,Wed Feb 13 2019 10:50:16 GMT+0800 (HKT),6,24499,864.6666666666666
LEOTIMING,Wed Feb 13 2019 10:50:16 GMT+0800 (HKT),6,24499,865.1666666666666
LEOTIMING,Wed Feb 13 2019 10:50:16 GMT+0800 (HKT),6,24500,865.3333333333334
LEOTIMING,Wed Feb 13 2019 10:50:16 GMT+0800 (HKT),6,24499,865.3333333333334
LEOTIMING,Wed Feb 13 2019 10:50:16 GMT+0800 (HKT),6,24499,865.5
LEOTIMING,Wed Feb 13 2019 10:50:16 GMT+0800 (HKT),6,24499,865.6666666666666
LEOTIMING,Wed Feb 13 2019 10:50:16 GMT+0800 (HKT),6,24500,865.8333333333334
LEOTIMING,Wed Feb 13 2019 10:50:16 GMT+0800 (HKT),6,24499,865.8333333333334
LEOTIMING,Wed Feb 13 2019 10:50:16 GMT+0800 (HKT),6,24499,866
LEOTIMING,Wed Feb 13 2019 10:50:16 GMT+0800 (HKT),6,24499,866.1666666666666
LEOTIMING,Wed Feb 13 2019 10:50:16 GMT+0800 (HKT),6,24500,866.1666666666666
LEOTIMING,Wed Feb 13 2019 10:50:16 GMT+0800 (HKT),6,24500,866.3333333333334
LEOTIMING,Wed Feb 13 2019 10:50:16 GMT+0800 (HKT),6,24499,866.3333333333334
LEOTIMING,Wed Feb 13 2019 10:50:16 GMT+0800 (HKT),6,24500,866.5
LEOTIMING,Wed Feb 13 2019 10:50:16 GMT+0800 (HKT),6,24499,864.8333333333334
LEOTIMING,Wed Feb 13 2019 10:50:16 GMT+0800 (HKT),6,24500,866.6666666666666
LEOTIMING,Wed Feb 13 2019 10:50:16 GMT+0800 (HKT),6,24500,866.8333333333334
LEOTIMING,Wed Feb 13 2019 10:50:16 GMT+0800 (HKT),6,24501,867
LEOTIMING,Wed Feb 13 2019 10:50:16 GMT+0800 (HKT),6,24501,867
LEOTIMING,Wed Feb 13 2019 10:50:16 GMT+0800 (HKT),6,24501,867.1666666666666
LEOTIMING,Wed Feb 13 2019 10:50:16 GMT+0800 (HKT),6,24500,867.1666666666666
LEOTIMING,Wed Feb 13 2019 10:50:16 GMT+0800 (HKT),6,24501,867.3333333333334
LEOTIMING,Wed Feb 13 2019 10:50:16 GMT+0800 (HKT),6,24501,867.3333333333334
LEOTIMING,Wed Feb 13 2019 10:50:16 GMT+0800 (HKT),6,24501,867.5
LEOTIMING,Wed Feb 13 2019 10:50:16 GMT+0800 (HKT),6,24502,867.6666666666666
LEOTIMING,Wed Feb 13 2019 10:50:16 GMT+0800 (HKT),6,24502,867.6666666666666
LEOTIMING,Wed Feb 13 2019 10:50:16 GMT+0800 (HKT),6,24501,867.8333333333334
LEOTIMING,Wed Feb 13 2019 10:50:16 GMT+0800 (HKT),6,24502,867.8333333333334
LEOTIMING,Wed Feb 13 2019 10:50:16 GMT+0800 (HKT),6,24502,868
LEOTIMING,Wed Feb 13 2019 10:50:16 GMT+0800 (HKT),6,24502,868
LEOTIMING,Wed Feb 13 2019 10:50:16 GMT+0800 (HKT),6,24503,868.1666666666666
LEOTIMING,Wed Feb 13 2019 10:50:16 GMT+0800 (HKT),6,24503,868.1666666666666
LEOTIMING,Wed Feb 13 2019 10:50:16 GMT+0800 (HKT),6,24503,868.3333333333334
LEOTIMING,Wed Feb 13 2019 10:50:16 GMT+0800 (HKT),6,24503,868.5
LEOTIMING,Wed Feb 13 2019 10:50:16 GMT+0800 (HKT),6,24503,868.6666666666666
LEOTIMING,Wed Feb 13 2019 10:50:16 GMT+0800 (HKT),6,24503,868.6666666666666
LEOTIMING,Wed Feb 13 2019 10:50:16 GMT+0800 (HKT),6,24503,868.8333333333334
LEOTIMING,Wed Feb 13 2019 10:50:16 GMT+0800 (HKT),6,24504,869
LEOTIMING,Wed Feb 13 2019 10:50:16 GMT+0800 (HKT),6,24504,869
LEOTIMING,Wed Feb 13 2019 10:50:16 GMT+0800 (HKT),6,24504,869.1666666666666
LEOTIMING,Wed Feb 13 2019 10:50:16 GMT+0800 (HKT),6,24504,870.3333333333334
LEOTIMING,Wed Feb 13 2019 10:50:16 GMT+0800 (HKT),6,24504,870.5
LEOTIMING,Wed Feb 13 2019 10:50:16 GMT+0800 (HKT),6,24504,871
LEOTIMING,Wed Feb 13 2019 10:50:16 GMT+0800 (HKT),6,24504,871.1666666666666
LEOTIMING,Wed Feb 13 2019 10:50:16 GMT+0800 (HKT),6,24505,871.3333333333334
LEOTIMING,Wed Feb 13 2019 10:50:16 GMT+0800 (HKT),6,24505,871.5
LEOTIMING,Wed Feb 13 2019 10:50:16 GMT+0800 (HKT),6,24504,871.3333333333334
LEOTIMING,Wed Feb 13 2019 10:50:16 GMT+0800 (HKT),6,24505,871.6666666666666
LEOTIMING,Wed Feb 13 2019 10:50:16 GMT+0800 (HKT),6,24505,871.8333333333334
LEOTIMING,Wed Feb 13 2019 10:50:16 GMT+0800 (HKT),6,24505,872
LEOTIMING,Wed Feb 13 2019 10:50:16 GMT+0800 (HKT),6,24506,872.1666666666666
LEOTIMING,Wed Feb 13 2019 10:50:16 GMT+0800 (HKT),6,24506,872.3333333333334
LEOTIMING,Wed Feb 13 2019 10:50:16 GMT+0800 (HKT),6,24506,872.5
LEOTIMING,Wed Feb 13 2019 10:50:16 GMT+0800 (HKT),6,24505,872.5
LEOTIMING,Wed Feb 13 2019 10:50:16 GMT+0800 (HKT),6,24506,872.5
LEOTIMING,Wed Feb 13 2019 10:50:16 GMT+0800 (HKT),6,24506,872.6666666666666
LEOTIMING,Wed Feb 13 2019 10:50:16 GMT+0800 (HKT),6,24506,872.8333333333334
LEOTIMING,Wed Feb 13 2019 10:50:16 GMT+0800 (HKT),6,24507,873
LEOTIMING,Wed Feb 13 2019 10:50:16 GMT+0800 (HKT),6,24506,872.8333333333334
LEOTIMING,Wed Feb 13 2019 10:50:16 GMT+0800 (HKT),6,24506,873.1666666666666
LEOTIMING,Wed Feb 13 2019 10:50:16 GMT+0800 (HKT),6,24507,873.8333333333334
LEOTIMING,Wed Feb 13 2019 10:50:16 GMT+0800 (HKT),6,24507,874
LEOTIMING,Wed Feb 13 2019 10:50:16 GMT+0800 (HKT),6,24507,874.1666666666666
LEOTIMING,Wed Feb 13 2019 10:50:16 GMT+0800 (HKT),6,24507,874.3333333333334
LEOTIMING,Wed Feb 13 2019 10:50:16 GMT+0800 (HKT),6,24507,875.1666666666666
LEOTIMING,Wed Feb 13 2019 10:50:16 GMT+0800 (HKT),6,24507,875.3333333333334
LEOTIMING,Wed Feb 13 2019 10:50:16 GMT+0800 (HKT),6,24507,875.5
LEOTIMING,Wed Feb 13 2019 10:50:16 GMT+0800 (HKT),6,24508,875.8333333333334
LEOTIMING,Wed Feb 13 2019 10:50:16 GMT+0800 (HKT),6,24507,875.8333333333334
LEOTIMING,Wed Feb 13 2019 10:50:16 GMT+0800 (HKT),6,24507,876
LEOTIMING,Wed Feb 13 2019 10:50:16 GMT+0800 (HKT),6,24507,876
LEOTIMING,Wed Feb 13 2019 10:50:16 GMT+0800 (HKT),6,24508,876.1666666666666
LEOTIMING,Wed Feb 13 2019 10:50:16 GMT+0800 (HKT),6,24508,876.3333333333334
LEOTIMING,Wed Feb 13 2019 10:50:16 GMT+0800 (HKT),6,24508,876.5
LEOTIMING,Wed Feb 13 2019 10:50:16 GMT+0800 (HKT),6,24508,876.5
LEOTIMING,Wed Feb 13 2019 10:50:16 GMT+0800 (HKT),6,24508,876.5
LEOTIMING,Wed Feb 13 2019 10:50:16 GMT+0800 (HKT),6,24508,876.6666666666666
LEOTIMING,Wed Feb 13 2019 10:50:16 GMT+0800 (HKT),6,24508,876.8333333333334
LEOTIMING,Wed Feb 13 2019 10:50:16 GMT+0800 (HKT),6,24509,877
LEOTIMING,Wed Feb 13 2019 10:50:16 GMT+0800 (HKT),6,24509,877
LEOTIMING,Wed Feb 13 2019 10:50:16 GMT+0800 (HKT),6,24509,877.1666666666666
LEOTIMING,Wed Feb 13 2019 10:50:16 GMT+0800 (HKT),6,24510,877.3333333333334
LEOTIMING,Wed Feb 13 2019 10:50:16 GMT+0800 (HKT),6,24509,877.3333333333334
LEOTIMING,Wed Feb 13 2019 10:50:16 GMT+0800 (HKT),6,24509,877.5
LEOTIMING,Wed Feb 13 2019 10:50:16 GMT+0800 (HKT),6,24510,877.6666666666666
LEOTIMING,Wed Feb 13 2019 10:50:16 GMT+0800 (HKT),6,24510,877.8333333333334
LEOTIMING,Wed Feb 13 2019 10:50:16 GMT+0800 (HKT),6,24510,878.1666666666666
LEOTIMING,Wed Feb 13 2019 10:50:16 GMT+0800 (HKT),6,24511,878.3333333333334
LEOTIMING,Wed Feb 13 2019 10:50:16 GMT+0800 (HKT),6,24511,878.5
LEOTIMING,Wed Feb 13 2019 10:50:16 GMT+0800 (HKT),6,24511,878.6666666666666
LEOTIMING,Wed Feb 13 2019 10:50:16 GMT+0800 (HKT),6,24510,878.5
LEOTIMING,Wed Feb 13 2019 10:50:16 GMT+0800 (HKT),6,24511,878.6666666666666
LEOTIMING,Wed Feb 13 2019 10:50:16 GMT+0800 (HKT),6,24511,878.8333333333334
LEOTIMING,Wed Feb 13 2019 10:50:16 GMT+0800 (HKT),6,24511,878.8333333333334
LEOTIMING,Wed Feb 13 2019 10:50:16 GMT+0800 (HKT),6,24512,879
LEOTIMING,Wed Feb 13 2019 10:50:16 GMT+0800 (HKT),6,24500,866.5
LEOTIMING,Wed Feb 13 2019 10:50:16 GMT+0800 (HKT),6,24512,879.1666666666666
LEOTIMING,Wed Feb 13 2019 10:50:16 GMT+0800 (HKT),6,24512,879.3333333333334
LEOTIMING,Wed Feb 13 2019 10:50:16 GMT+0800 (HKT),6,24512,879.5
LEOTIMING,Wed Feb 13 2019 10:50:16 GMT+0800 (HKT),6,24512,879.6666666666666
LEOTIMING,Wed Feb 13 2019 10:50:16 GMT+0800 (HKT),6,24512,879.8333333333334
LEOTIMING,Wed Feb 13 2019 10:50:16 GMT+0800 (HKT),6,24513,880
LEOTIMING,Wed Feb 13 2019 10:50:16 GMT+0800 (HKT),6,24513,880.1666666666666
LEOTIMING,Wed Feb 13 2019 10:50:16 GMT+0800 (HKT),6,24513,880.3333333333334
LEOTIMING,Wed Feb 13 2019 10:50:16 GMT+0800 (HKT),6,24514,880.3333333333334
LEOTIMING,Wed Feb 13 2019 10:50:16 GMT+0800 (HKT),6,24513,880.3333333333334
LEOTIMING,Wed Feb 13 2019 10:50:16 GMT+0800 (HKT),6,24513,880.3333333333334
LEOTIMING,Wed Feb 13 2019 10:50:16 GMT+0800 (HKT),6,24514,880.5
LEOTIMING,Wed Feb 13 2019 10:50:16 GMT+0800 (HKT),6,24514,880.6666666666666
LEOTIMING,Wed Feb 13 2019 10:50:16 GMT+0800 (HKT),6,24514,880.6666666666666
LEOTIMING,Wed Feb 13 2019 10:50:16 GMT+0800 (HKT),6,24514,880.8333333333334
LEOTIMING,Wed Feb 13 2019 10:50:16 GMT+0800 (HKT),6,24515,881
LEOTIMING,Wed Feb 13 2019 10:50:16 GMT+0800 (HKT),6,24515,881
LEOTIMING,Wed Feb 13 2019 10:50:16 GMT+0800 (HKT),6,24512,879.3333333333334
LEOTIMING,Wed Feb 13 2019 10:50:16 GMT+0800 (HKT),6,24514,881
LEOTIMING,Wed Feb 13 2019 10:50:16 GMT+0800 (HKT),6,24515,881
LEOTIMING,Wed Feb 13 2019 10:50:16 GMT+0800 (HKT),6,24515,881.1666666666666
LEOTIMING,Wed Feb 13 2019 10:50:16 GMT+0800 (HKT),6,24515,881.3333333333334
LEOTIMING,Wed Feb 13 2019 10:50:16 GMT+0800 (HKT),6,24516,881.5
LEOTIMING,Wed Feb 13 2019 10:50:16 GMT+0800 (HKT),6,24516,881.5
LEOTIMING,Wed Feb 13 2019 10:50:16 GMT+0800 (HKT),6,24515,881.5
LEOTIMING,Wed Feb 13 2019 10:50:16 GMT+0800 (HKT),6,24515,881.1666666666666
LEOTIMING,Wed Feb 13 2019 10:50:16 GMT+0800 (HKT),6,24516,881.6666666666666
LEOTIMING,Wed Feb 13 2019 10:50:16 GMT+0800 (HKT),6,24516,881.8333333333334
LEOTIMING,Wed Feb 13 2019 10:50:16 GMT+0800 (HKT),6,24516,881.8333333333334
LEOTIMING,Wed Feb 13 2019 10:50:16 GMT+0800 (HKT),6,24518,882
LEOTIMING,Wed Feb 13 2019 10:50:16 GMT+0800 (HKT),6,24517,882
LEOTIMING,Wed Feb 13 2019 10:50:16 GMT+0800 (HKT),6,24516,881.6666666666666
LEOTIMING,Wed Feb 13 2019 10:50:16 GMT+0800 (HKT),6,24518,882.1666666666666
LEOTIMING,Wed Feb 13 2019 10:50:16 GMT+0800 (HKT),6,24518,882.3333333333334
LEOTIMING,Wed Feb 13 2019 10:50:16 GMT+0800 (HKT),6,24518,882.3333333333334
LEOTIMING,Wed Feb 13 2019 10:50:16 GMT+0800 (HKT),6,24519,882.5
LEOTIMING,Wed Feb 13 2019 10:50:16 GMT+0800 (HKT),6,24519,882.8333333333334
LEOTIMING,Wed Feb 13 2019 10:50:16 GMT+0800 (HKT),6,24518,882.6666666666666
LEOTIMING,Wed Feb 13 2019 10:50:16 GMT+0800 (HKT),6,24519,882.8333333333334
LEOTIMING,Wed Feb 13 2019 10:50:16 GMT+0800 (HKT),6,24519,883
LEOTIMING,Wed Feb 13 2019 10:50:16 GMT+0800 (HKT),6,24519,883
LEOTIMING,Wed Feb 13 2019 10:50:16 GMT+0800 (HKT),6,24519,883.1666666666666
LEOTIMING,Wed Feb 13 2019 10:50:16 GMT+0800 (HKT),6,24520,883.1666666666666
LEOTIMING,Wed Feb 13 2019 10:50:16 GMT+0800 (HKT),6,24519,883.1666666666666
LEOTIMING,Wed Feb 13 2019 10:50:16 GMT+0800 (HKT),6,24519,883.1666666666666
LEOTIMING,Wed Feb 13 2019 10:50:16 GMT+0800 (HKT),6,24519,883.3333333333334
LEOTIMING,Wed Feb 13 2019 10:50:16 GMT+0800 (HKT),6,24520,883.3333333333334
LEOTIMING,Wed Feb 13 2019 10:50:16 GMT+0800 (HKT),6,24520,883.5
LEOTIMING,Wed Feb 13 2019 10:50:16 GMT+0800 (HKT),7,24499,817.2857142857143
LEOTIMING,Wed Feb 13 2019 10:50:16 GMT+0800 (HKT),6,24520,883.6666666666666
LEOTIMING,Wed Feb 13 2019 10:50:16 GMT+0800 (HKT),6,24521,883.8333333333334
LEOTIMING,Wed Feb 13 2019 10:50:16 GMT+0800 (HKT),6,24520,883.6666666666666
LEOTIMING,Wed Feb 13 2019 10:50:16 GMT+0800 (HKT),6,24520,883.8333333333334
LEOTIMING,Wed Feb 13 2019 10:50:16 GMT+0800 (HKT),6,24521,883.8333333333334
LEOTIMING,Wed Feb 13 2019 10:50:16 GMT+0800 (HKT),6,24521,884
LEOTIMING,Wed Feb 13 2019 10:50:16 GMT+0800 (HKT),6,24521,884.1666666666666
LEOTIMING,Wed Feb 13 2019 10:50:16 GMT+0800 (HKT),6,24521,884.1666666666666
LEOTIMING,Wed Feb 13 2019 10:50:16 GMT+0800 (HKT),6,24522,884.3333333333334
LEOTIMING,Wed Feb 13 2019 10:50:16 GMT+0800 (HKT),6,24521,884.1666666666666
LEOTIMING,Wed Feb 13 2019 10:50:16 GMT+0800 (HKT),6,24521,884.3333333333334
LEOTIMING,Wed Feb 13 2019 10:50:16 GMT+0800 (HKT),6,24522,884.5
LEOTIMING,Wed Feb 13 2019 10:50:16 GMT+0800 (HKT),6,24522,884.5
LEOTIMING,Wed Feb 13 2019 10:50:16 GMT+0800 (HKT),6,24522,884.6666666666666
LEOTIMING,Wed Feb 13 2019 10:50:16 GMT+0800 (HKT),6,24523,884.8333333333334
LEOTIMING,Wed Feb 13 2019 10:50:16 GMT+0800 (HKT),6,24523,884.8333333333334
LEOTIMING,Wed Feb 13 2019 10:50:16 GMT+0800 (HKT),6,24523,885
LEOTIMING,Wed Feb 13 2019 10:50:16 GMT+0800 (HKT),6,24522,884.8333333333334
LEOTIMING,Wed Feb 13 2019 10:50:16 GMT+0800 (HKT),6,24522,884.8333333333334
LEOTIMING,Wed Feb 13 2019 10:50:16 GMT+0800 (HKT),6,24522,884.8333333333334
LEOTIMING,Wed Feb 13 2019 10:50:16 GMT+0800 (HKT),6,24522,885
LEOTIMING,Wed Feb 13 2019 10:50:16 GMT+0800 (HKT),6,24522,884.8333333333334
LEOTIMING,Wed Feb 13 2019 10:50:16 GMT+0800 (HKT),6,24522,885
LEOTIMING,Wed Feb 13 2019 10:50:16 GMT+0800 (HKT),6,24522,885.1666666666666
LEOTIMING,Wed Feb 13 2019 10:50:16 GMT+0800 (HKT),6,24522,885.1666666666666
LEOTIMING,Wed Feb 13 2019 10:50:16 GMT+0800 (HKT),6,24522,885.1666666666666
LEOTIMING,Wed Feb 13 2019 10:50:16 GMT+0800 (HKT),6,24522,885.1666666666666
LEOTIMING,Wed Feb 13 2019 10:50:16 GMT+0800 (HKT),6,24521,885.1666666666666
LEOTIMING,Wed Feb 13 2019 10:50:16 GMT+0800 (HKT),7,24498,817.7142857142857
LEOTIMING,Wed Feb 13 2019 10:50:16 GMT+0800 (HKT),6,24522,885.3333333333334
LEOTIMING,Wed Feb 13 2019 10:50:16 GMT+0800 (HKT),6,24520,883.5
LEOTIMING,Wed Feb 13 2019 10:50:16 GMT+0800 (HKT),6,24520,885.1666666666666
LEOTIMING,Wed Feb 13 2019 10:50:16 GMT+0800 (HKT),6,24520,885.1666666666666
LEOTIMING,Wed Feb 13 2019 10:50:16 GMT+0800 (HKT),6,24519,885
LEOTIMING,Wed Feb 13 2019 10:50:16 GMT+0800 (HKT),6,24519,885.1666666666666
LEOTIMING,Wed Feb 13 2019 10:50:16 GMT+0800 (HKT),6,24520,885.3333333333334
LEOTIMING,Wed Feb 13 2019 10:50:16 GMT+0800 (HKT),6,24520,885.3333333333334
LEOTIMING,Wed Feb 13 2019 10:50:16 GMT+0800 (HKT),5,24519,1062.4
LEOTIMING,Wed Feb 13 2019 10:50:16 GMT+0800 (HKT),5,24520,1062.4
LEOTIMING,Wed Feb 13 2019 10:50:16 GMT+0800 (HKT),5,24519,1062.4
LEOTIMING,Wed Feb 13 2019 10:50:16 GMT+0800 (HKT),5,24518,1062.4
LEOTIMING,Wed Feb 13 2019 10:50:16 GMT+0800 (HKT),5,24518,1062.6
LEOTIMING,Wed Feb 13 2019 10:50:16 GMT+0800 (HKT),5,24518,1062.4
LEOTIMING,Wed Feb 13 2019 10:50:16 GMT+0800 (HKT),5,24518,1062.6
LEOTIMING,Wed Feb 13 2019 10:50:16 GMT+0800 (HKT),5,24517,1062.4
LEOTIMING,Wed Feb 13 2019 10:50:16 GMT+0800 (HKT),5,24517,1062.6
LEOTIMING,Wed Feb 13 2019 10:50:16 GMT+0800 (HKT),5,24518,1062.6
LEOTIMING,Wed Feb 13 2019 10:50:16 GMT+0800 (HKT),5,24517,1062.6
LEOTIMING,Wed Feb 13 2019 10:50:16 GMT+0800 (HKT),6,24521,885.1666666666666
LEOTIMING,Wed Feb 13 2019 10:50:16 GMT+0800 (HKT),5,24518,1062.8
LEOTIMING,Wed Feb 13 2019 10:50:16 GMT+0800 (HKT),5,24518,1062.8
LEOTIMING,Wed Feb 13 2019 10:50:16 GMT+0800 (HKT),5,24518,1063.8
LEOTIMING,Wed Feb 13 2019 10:50:16 GMT+0800 (HKT),5,24517,1063.8
LEOTIMING,Wed Feb 13 2019 10:50:16 GMT+0800 (HKT),5,24518,1063.8
LEOTIMING,Wed Feb 13 2019 10:50:16 GMT+0800 (HKT),5,24518,1064
LEOTIMING,Wed Feb 13 2019 10:50:16 GMT+0800 (HKT),5,24518,1064.2
LEOTIMING,Wed Feb 13 2019 10:50:16 GMT+0800 (HKT),5,24518,1064.2
LEOTIMING,Wed Feb 13 2019 10:50:16 GMT+0800 (HKT),5,24518,1064.2
LEOTIMING,Wed Feb 13 2019 10:50:16 GMT+0800 (HKT),5,24518,1064.2
LEOTIMING,Wed Feb 13 2019 10:50:16 GMT+0800 (HKT),5,24518,1064.4
LEOTIMING,Wed Feb 13 2019 10:50:16 GMT+0800 (HKT),5,24518,1064.4
LEOTIMING,Wed Feb 13 2019 10:50:16 GMT+0800 (HKT),5,24519,1064.6
LEOTIMING,Wed Feb 13 2019 10:50:16 GMT+0800 (HKT),5,24519,1064.8
LEOTIMING,Wed Feb 13 2019 10:50:16 GMT+0800 (HKT),5,24518,1064.6
LEOTIMING,Wed Feb 13 2019 10:50:16 GMT+0800 (HKT),5,24518,1064.8
LEOTIMING,Wed Feb 13 2019 10:50:16 GMT+0800 (HKT),5,24519,1065
LEOTIMING,Wed Feb 13 2019 10:50:16 GMT+0800 (HKT),5,24519,1065
LEOTIMING,Wed Feb 13 2019 10:50:16 GMT+0800 (HKT),5,24519,1065.2
LEOTIMING,Wed Feb 13 2019 10:50:16 GMT+0800 (HKT),5,24519,1065
LEOTIMING,Wed Feb 13 2019 10:50:16 GMT+0800 (HKT),5,24519,1065.2
LEOTIMING,Wed Feb 13 2019 10:50:16 GMT+0800 (HKT),5,24519,1065.4
LEOTIMING,Wed Feb 13 2019 10:50:16 GMT+0800 (HKT),5,24519,1065.4
LEOTIMING,Wed Feb 13 2019 10:50:16 GMT+0800 (HKT),5,24520,1065.6
LEOTIMING,Wed Feb 13 2019 10:50:16 GMT+0800 (HKT),6,24520,885.1666666666666
LEOTIMING,Wed Feb 13 2019 10:50:16 GMT+0800 (HKT),5,24519,1065.6
LEOTIMING,Wed Feb 13 2019 10:50:16 GMT+0800 (HKT),5,24519,1065.6
LEOTIMING,Wed Feb 13 2019 10:50:16 GMT+0800 (HKT),5,24520,1065.8
LEOTIMING,Wed Feb 13 2019 10:50:16 GMT+0800 (HKT),5,24520,1066
LEOTIMING,Wed Feb 13 2019 10:50:16 GMT+0800 (HKT),5,24519,1065.8
LEOTIMING,Wed Feb 13 2019 10:50:16 GMT+0800 (HKT),5,24520,1066
LEOTIMING,Wed Feb 13 2019 10:50:16 GMT+0800 (HKT),5,24520,1066
LEOTIMING,Wed Feb 13 2019 10:50:16 GMT+0800 (HKT),5,24520,1066.2
LEOTIMING,Wed Feb 13 2019 10:50:16 GMT+0800 (HKT),5,24520,1066.2
LEOTIMING,Wed Feb 13 2019 10:50:16 GMT+0800 (HKT),5,24520,1066.2
LEOTIMING,Wed Feb 13 2019 10:50:16 GMT+0800 (HKT),5,24520,1066.2
LEOTIMING,Wed Feb 13 2019 10:50:16 GMT+0800 (HKT),5,24520,1066.4
LEOTIMING,Wed Feb 13 2019 10:50:16 GMT+0800 (HKT),5,24521,1066.6
LEOTIMING,Wed Feb 13 2019 10:50:16 GMT+0800 (HKT),5,24521,1066.6
LEOTIMING,Wed Feb 13 2019 10:50:16 GMT+0800 (HKT),5,24520,1066.6
LEOTIMING,Wed Feb 13 2019 10:50:16 GMT+0800 (HKT),5,24520,1066.6
LEOTIMING,Wed Feb 13 2019 10:50:16 GMT+0800 (HKT),6,24518,882
LEOTIMING,Wed Feb 13 2019 10:50:16 GMT+0800 (HKT),5,24521,1066.8
LEOTIMING,Wed Feb 13 2019 10:50:16 GMT+0800 (HKT),5,24521,1067
LEOTIMING,Wed Feb 13 2019 10:50:16 GMT+0800 (HKT),5,24520,1066.8
LEOTIMING,Wed Feb 13 2019 10:50:16 GMT+0800 (HKT),5,24521,1067
LEOTIMING,Wed Feb 13 2019 10:50:16 GMT+0800 (HKT),5,24521,1067
LEOTIMING,Wed Feb 13 2019 10:50:16 GMT+0800 (HKT),5,24521,1067.2
LEOTIMING,Wed Feb 13 2019 10:50:16 GMT+0800 (HKT),5,24521,1067.2
LEOTIMING,Wed Feb 13 2019 10:50:16 GMT+0800 (HKT),5,24522,1067.4
LEOTIMING,Wed Feb 13 2019 10:50:16 GMT+0800 (HKT),5,24521,1066.8
LEOTIMING,Wed Feb 13 2019 10:50:16 GMT+0800 (HKT),5,24522,1067.4
LEOTIMING,Wed Feb 13 2019 10:50:16 GMT+0800 (HKT),5,24522,1067.4
LEOTIMING,Wed Feb 13 2019 10:50:16 GMT+0800 (HKT),5,24522,1067.6
LEOTIMING,Wed Feb 13 2019 10:50:16 GMT+0800 (HKT),5,24522,1067.8
LEOTIMING,Wed Feb 13 2019 10:50:16 GMT+0800 (HKT),5,24523,1067.8
LEOTIMING,Wed Feb 13 2019 10:50:16 GMT+0800 (HKT),5,24522,1067.8
LEOTIMING,Wed Feb 13 2019 10:50:16 GMT+0800 (HKT),5,24522,1068
LEOTIMING,Wed Feb 13 2019 10:50:16 GMT+0800 (HKT),5,24522,1068
LEOTIMING,Wed Feb 13 2019 10:50:16 GMT+0800 (HKT),7,24523,777.5714285714286
LEOTIMING,Wed Feb 13 2019 10:50:16 GMT+0800 (HKT),7,24523,777.7142857142857
LEOTIMING,Wed Feb 13 2019 10:50:16 GMT+0800 (HKT),7,24523,777.7142857142857
LEOTIMING,Wed Feb 13 2019 10:50:16 GMT+0800 (HKT),7,24522,777.7142857142857
LEOTIMING,Wed Feb 13 2019 10:50:16 GMT+0800 (HKT),7,24523,777.7142857142857
LEOTIMING,Wed Feb 13 2019 10:50:16 GMT+0800 (HKT),7,24523,777.8571428571429
LEOTIMING,Wed Feb 13 2019 10:50:16 GMT+0800 (HKT),7,24523,778
LEOTIMING,Wed Feb 13 2019 10:50:16 GMT+0800 (HKT),7,24524,778
LEOTIMING,Wed Feb 13 2019 10:50:16 GMT+0800 (HKT),7,24524,778.1428571428571
LEOTIMING,Wed Feb 13 2019 10:50:16 GMT+0800 (HKT),7,24523,778.1428571428571
LEOTIMING,Wed Feb 13 2019 10:50:16 GMT+0800 (HKT),7,24524,778.1428571428571
LEOTIMING,Wed Feb 13 2019 10:50:16 GMT+0800 (HKT),7,24524,778.2857142857143
LEOTIMING,Wed Feb 13 2019 10:50:16 GMT+0800 (HKT),7,24524,778.2857142857143
LEOTIMING,Wed Feb 13 2019 10:50:16 GMT+0800 (HKT),7,24524,778.4285714285714
LEOTIMING,Wed Feb 13 2019 10:50:16 GMT+0800 (HKT),7,24524,778.2857142857143
LEOTIMING,Wed Feb 13 2019 10:50:16 GMT+0800 (HKT),7,24524,778.4285714285714
LEOTIMING,Wed Feb 13 2019 10:50:16 GMT+0800 (HKT),7,24524,778.4285714285714
LEOTIMING,Wed Feb 13 2019 10:50:16 GMT+0800 (HKT),7,24525,778.5714285714286
LEOTIMING,Wed Feb 13 2019 10:50:16 GMT+0800 (HKT),5,24522,1067.4
LEOTIMING,Wed Feb 13 2019 10:50:16 GMT+0800 (HKT),7,24525,778.7142857142857
LEOTIMING,Wed Feb 13 2019 10:50:16 GMT+0800 (HKT),7,24524,778.7142857142857
LEOTIMING,Wed Feb 13 2019 10:50:16 GMT+0800 (HKT),7,24525,778.7142857142857
LEOTIMING,Wed Feb 13 2019 10:50:16 GMT+0800 (HKT),7,24525,778.8571428571429
LEOTIMING,Wed Feb 13 2019 10:50:16 GMT+0800 (HKT),7,24525,778.8571428571429
LEOTIMING,Wed Feb 13 2019 10:50:16 GMT+0800 (HKT),7,24526,779
LEOTIMING,Wed Feb 13 2019 10:50:16 GMT+0800 (HKT),7,24526,779
LEOTIMING,Wed Feb 13 2019 10:50:16 GMT+0800 (HKT),7,24523,778.7142857142857
LEOTIMING,Wed Feb 13 2019 10:50:16 GMT+0800 (HKT),7,24525,778.5714285714286
LEOTIMING,Wed Feb 13 2019 10:50:16 GMT+0800 (HKT),5,24519,1065.4
LEOTIMING,Wed Feb 13 2019 10:50:16 GMT+0800 (HKT),7,24524,779
LEOTIMING,Wed Feb 13 2019 10:50:16 GMT+0800 (HKT),7,24523,778.8571428571429
LEOTIMING,Wed Feb 13 2019 10:50:16 GMT+0800 (HKT),7,24524,779
LEOTIMING,Wed Feb 13 2019 10:50:16 GMT+0800 (HKT),7,24524,779
LEOTIMING,Wed Feb 13 2019 10:50:16 GMT+0800 (HKT),7,24524,779.1428571428571
LEOTIMING,Wed Feb 13 2019 10:50:16 GMT+0800 (HKT),7,24524,779.1428571428571
LEOTIMING,Wed Feb 13 2019 10:50:16 GMT+0800 (HKT),7,24525,779.2857142857143
LEOTIMING,Wed Feb 13 2019 10:50:16 GMT+0800 (HKT),7,24524,779.2857142857143
LEOTIMING,Wed Feb 13 2019 10:50:16 GMT+0800 (HKT),7,24524,779.4285714285714
LEOTIMING,Wed Feb 13 2019 10:50:16 GMT+0800 (HKT),7,24525,779.4285714285714
LEOTIMING,Wed Feb 13 2019 10:50:16 GMT+0800 (HKT),7,24525,779.5714285714286
LEOTIMING,Wed Feb 13 2019 10:50:16 GMT+0800 (HKT),7,24525,779.5714285714286
LEOTIMING,Wed Feb 13 2019 10:50:16 GMT+0800 (HKT),7,24526,779.7142857142857
LEOTIMING,Wed Feb 13 2019 10:50:16 GMT+0800 (HKT),7,24526,779.7142857142857
LEOTIMING,Wed Feb 13 2019 10:50:16 GMT+0800 (HKT),7,24525,779.7142857142857
LEOTIMING,Wed Feb 13 2019 10:50:16 GMT+0800 (HKT),7,24526,779.7142857142857
LEOTIMING,Wed Feb 13 2019 10:50:16 GMT+0800 (HKT),7,24526,779.8571428571429
LEOTIMING,Wed Feb 13 2019 10:50:16 GMT+0800 (HKT),7,24526,779.8571428571429
LEOTIMING,Wed Feb 13 2019 10:50:16 GMT+0800 (HKT),7,24526,780
LEOTIMING,Wed Feb 13 2019 10:50:16 GMT+0800 (HKT),7,24527,780.1428571428571
LEOTIMING,Wed Feb 13 2019 10:50:16 GMT+0800 (HKT),7,24527,780.2857142857143
LEOTIMING,Wed Feb 13 2019 10:50:16 GMT+0800 (HKT),7,24526,780.1428571428571
LEOTIMING,Wed Feb 13 2019 10:50:16 GMT+0800 (HKT),7,24527,780.2857142857143
LEOTIMING,Wed Feb 13 2019 10:50:16 GMT+0800 (HKT),7,24527,780.2857142857143
LEOTIMING,Wed Feb 13 2019 10:50:16 GMT+0800 (HKT),7,24526,780.2857142857143
LEOTIMING,Wed Feb 13 2019 10:50:16 GMT+0800 (HKT),7,24526,780.2857142857143
LEOTIMING,Wed Feb 13 2019 10:50:16 GMT+0800 (HKT),7,24526,780.2857142857143
LEOTIMING,Wed Feb 13 2019 10:50:16 GMT+0800 (HKT),7,24526,780.2857142857143
LEOTIMING,Wed Feb 13 2019 10:50:16 GMT+0800 (HKT),7,24525,780.2857142857143
LEOTIMING,Wed Feb 13 2019 10:50:16 GMT+0800 (HKT),7,24526,780.2857142857143
LEOTIMING,Wed Feb 13 2019 10:50:16 GMT+0800 (HKT),7,24525,780.2857142857143
LEOTIMING,Wed Feb 13 2019 10:50:16 GMT+0800 (HKT),7,24525,780.2857142857143
LEOTIMING,Wed Feb 13 2019 10:50:16 GMT+0800 (HKT),7,24525,780.4285714285714
LEOTIMING,Wed Feb 13 2019 10:50:16 GMT+0800 (HKT),7,24526,780.5714285714286
LEOTIMING,Wed Feb 13 2019 10:50:16 GMT+0800 (HKT),7,24526,780.5714285714286
LEOTIMING,Wed Feb 13 2019 10:50:16 GMT+0800 (HKT),7,24525,780.5714285714286
LEOTIMING,Wed Feb 13 2019 10:50:16 GMT+0800 (HKT),7,24526,780.7142857142857
LEOTIMING,Wed Feb 13 2019 10:50:16 GMT+0800 (HKT),7,24526,780.7142857142857
LEOTIMING,Wed Feb 13 2019 10:50:16 GMT+0800 (HKT),7,24526,780.8571428571429
LEOTIMING,Wed Feb 13 2019 10:50:16 GMT+0800 (HKT),7,24527,781
LEOTIMING,Wed Feb 13 2019 10:50:16 GMT+0800 (HKT),7,24527,781
LEOTIMING,Wed Feb 13 2019 10:50:16 GMT+0800 (HKT),7,24527,781.1428571428571
LEOTIMING,Wed Feb 13 2019 10:50:16 GMT+0800 (HKT),5,24517,1062.6
LEOTIMING,Wed Feb 13 2019 10:50:16 GMT+0800 (HKT),7,24527,781.1428571428571
LEOTIMING,Wed Feb 13 2019 10:50:16 GMT+0800 (HKT),7,24527,781.1428571428571
LEOTIMING,Wed Feb 13 2019 10:50:16 GMT+0800 (HKT),7,24527,781.2857142857143
LEOTIMING,Wed Feb 13 2019 10:50:16 GMT+0800 (HKT),7,24528,781.4285714285714
LEOTIMING,Wed Feb 13 2019 10:50:16 GMT+0800 (HKT),7,24528,781.4285714285714
LEOTIMING,Wed Feb 13 2019 10:50:16 GMT+0800 (HKT),7,24528,781.5714285714286
LEOTIMING,Wed Feb 13 2019 10:50:16 GMT+0800 (HKT),7,24528,781.5714285714286
LEOTIMING,Wed Feb 13 2019 10:50:16 GMT+0800 (HKT),7,24529,781.7142857142857
LEOTIMING,Wed Feb 13 2019 10:50:16 GMT+0800 (HKT),7,24528,781.5714285714286
LEOTIMING,Wed Feb 13 2019 10:50:16 GMT+0800 (HKT),7,24529,781.7142857142857
LEOTIMING,Wed Feb 13 2019 10:50:16 GMT+0800 (HKT),7,24529,781.7142857142857
LEOTIMING,Wed Feb 13 2019 10:50:16 GMT+0800 (HKT),7,24530,781.8571428571429
LEOTIMING,Wed Feb 13 2019 10:50:16 GMT+0800 (HKT),7,24530,781.8571428571429
LEOTIMING,Wed Feb 13 2019 10:50:16 GMT+0800 (HKT),7,24530,782
LEOTIMING,Wed Feb 13 2019 10:50:16 GMT+0800 (HKT),7,24530,782
LEOTIMING,Wed Feb 13 2019 10:50:16 GMT+0800 (HKT),7,24531,782.2857142857143
LEOTIMING,Wed Feb 13 2019 10:50:16 GMT+0800 (HKT),7,24530,784.2857142857143
LEOTIMING,Wed Feb 13 2019 10:50:16 GMT+0800 (HKT),7,24530,784.4285714285714
LEOTIMING,Wed Feb 13 2019 10:50:16 GMT+0800 (HKT),7,24531,784.4285714285714
LEOTIMING,Wed Feb 13 2019 10:50:16 GMT+0800 (HKT),7,24531,784.5714285714286
LEOTIMING,Wed Feb 13 2019 10:50:16 GMT+0800 (HKT),7,24531,784.7142857142857
LEOTIMING,Wed Feb 13 2019 10:50:16 GMT+0800 (HKT),7,24531,784.8571428571429
LEOTIMING,Wed Feb 13 2019 10:50:16 GMT+0800 (HKT),7,24532,784.8571428571429
LEOTIMING,Wed Feb 13 2019 10:50:16 GMT+0800 (HKT),7,24532,785
LEOTIMING,Wed Feb 13 2019 10:50:16 GMT+0800 (HKT),7,24531,785
LEOTIMING,Wed Feb 13 2019 10:50:16 GMT+0800 (HKT),7,24532,785
LEOTIMING,Wed Feb 13 2019 10:50:16 GMT+0800 (HKT),7,24532,785.1428571428571
LEOTIMING,Wed Feb 13 2019 10:50:16 GMT+0800 (HKT),7,24532,785.1428571428571
LEOTIMING,Wed Feb 13 2019 10:50:16 GMT+0800 (HKT),7,24532,785.2857142857143
LEOTIMING,Wed Feb 13 2019 10:50:16 GMT+0800 (HKT),7,24533,785.4285714285714
LEOTIMING,Wed Feb 13 2019 10:50:16 GMT+0800 (HKT),7,24533,785.4285714285714
LEOTIMING,Wed Feb 13 2019 10:50:16 GMT+0800 (HKT),7,24533,785.5714285714286
LEOTIMING,Wed Feb 13 2019 10:50:16 GMT+0800 (HKT),7,24532,785.5714285714286
LEOTIMING,Wed Feb 13 2019 10:50:16 GMT+0800 (HKT),7,24533,785.5714285714286
LEOTIMING,Wed Feb 13 2019 10:50:16 GMT+0800 (HKT),7,24533,785.7142857142857
LEOTIMING,Wed Feb 13 2019 10:50:16 GMT+0800 (HKT),7,24533,785.8571428571429
LEOTIMING,Wed Feb 13 2019 10:50:16 GMT+0800 (HKT),7,24523,778.7142857142857
LEOTIMING,Wed Feb 13 2019 10:50:16 GMT+0800 (HKT),7,24534,786
LEOTIMING,Wed Feb 13 2019 10:50:16 GMT+0800 (HKT),7,24534,786
LEOTIMING,Wed Feb 13 2019 10:50:16 GMT+0800 (HKT),7,24534,786.1428571428571
LEOTIMING,Wed Feb 13 2019 10:50:16 GMT+0800 (HKT),7,24534,786.1428571428571
LEOTIMING,Wed Feb 13 2019 10:50:16 GMT+0800 (HKT),7,24534,786.1428571428571
LEOTIMING,Wed Feb 13 2019 10:50:16 GMT+0800 (HKT),7,24534,786.2857142857143
LEOTIMING,Wed Feb 13 2019 10:50:16 GMT+0800 (HKT),7,24535,786.2857142857143
LEOTIMING,Wed Feb 13 2019 10:50:16 GMT+0800 (HKT),7,24535,786.4285714285714
LEOTIMING,Wed Feb 13 2019 10:50:16 GMT+0800 (HKT),7,24535,786.5714285714286
LEOTIMING,Wed Feb 13 2019 10:50:16 GMT+0800 (HKT),7,24535,786.5714285714286
LEOTIMING,Wed Feb 13 2019 10:50:16 GMT+0800 (HKT),7,24536,786.7142857142857
LEOTIMING,Wed Feb 13 2019 10:50:16 GMT+0800 (HKT),5,24536,1063.8
LEOTIMING,Wed Feb 13 2019 10:50:16 GMT+0800 (HKT),5,24535,1063.8
LEOTIMING,Wed Feb 13 2019 10:50:16 GMT+0800 (HKT),5,24535,1063.8
LEOTIMING,Wed Feb 13 2019 10:50:16 GMT+0800 (HKT),5,24536,1064
LEOTIMING,Wed Feb 13 2019 10:50:16 GMT+0800 (HKT),5,24536,1064
LEOTIMING,Wed Feb 13 2019 10:50:16 GMT+0800 (HKT),5,24536,1064.2
LEOTIMING,Wed Feb 13 2019 10:50:16 GMT+0800 (HKT),5,24536,1064.2
LEOTIMING,Wed Feb 13 2019 10:50:16 GMT+0800 (HKT),5,24537,1064.4
LEOTIMING,Wed Feb 13 2019 10:50:16 GMT+0800 (HKT),5,24537,1064.4
LEOTIMING,Wed Feb 13 2019 10:50:16 GMT+0800 (HKT),5,24537,1064.6
LEOTIMING,Wed Feb 13 2019 10:50:16 GMT+0800 (HKT),5,24536,1064.4
LEOTIMING,Wed Feb 13 2019 10:50:16 GMT+0800 (HKT),5,24537,1064.6
LEOTIMING,Wed Feb 13 2019 10:50:16 GMT+0800 (HKT),5,24537,1064.8
LEOTIMING,Wed Feb 13 2019 10:50:16 GMT+0800 (HKT),7,24524,778.8571428571429
LEOTIMING,Wed Feb 13 2019 10:50:16 GMT+0800 (HKT),5,24537,1065
LEOTIMING,Wed Feb 13 2019 10:50:16 GMT+0800 (HKT),5,24537,1065.2
LEOTIMING,Wed Feb 13 2019 10:50:16 GMT+0800 (HKT),5,24538,1065.2
LEOTIMING,Wed Feb 13 2019 10:50:16 GMT+0800 (HKT),5,24538,1065.4
LEOTIMING,Wed Feb 13 2019 10:50:16 GMT+0800 (HKT),5,24538,1065.4
LEOTIMING,Wed Feb 13 2019 10:50:16 GMT+0800 (HKT),5,24537,1065.4
LEOTIMING,Wed Feb 13 2019 10:50:16 GMT+0800 (HKT),5,24538,1065.4
LEOTIMING,Wed Feb 13 2019 10:50:16 GMT+0800 (HKT),5,24538,1065.6
LEOTIMING,Wed Feb 13 2019 10:50:16 GMT+0800 (HKT),5,24538,1065.6
LEOTIMING,Wed Feb 13 2019 10:50:16 GMT+0800 (HKT),5,24538,1065.8
LEOTIMING,Wed Feb 13 2019 10:50:16 GMT+0800 (HKT),5,24539,1066
LEOTIMING,Wed Feb 13 2019 10:50:16 GMT+0800 (HKT),5,24539,1066
LEOTIMING,Wed Feb 13 2019 10:50:16 GMT+0800 (HKT),5,24539,1066.2
LEOTIMING,Wed Feb 13 2019 10:50:16 GMT+0800 (HKT),5,24538,1066.2
LEOTIMING,Wed Feb 13 2019 10:50:16 GMT+0800 (HKT),5,24539,1066.2
LEOTIMING,Wed Feb 13 2019 10:50:16 GMT+0800 (HKT),5,24539,1066.4
LEOTIMING,Wed Feb 13 2019 10:50:16 GMT+0800 (HKT),5,24539,1066.4
LEOTIMING,Wed Feb 13 2019 10:50:16 GMT+0800 (HKT),5,24539,1066.6
LEOTIMING,Wed Feb 13 2019 10:50:16 GMT+0800 (HKT),5,24539,1066.8
LEOTIMING,Wed Feb 13 2019 10:50:16 GMT+0800 (HKT),5,24540,1066.8
LEOTIMING,Wed Feb 13 2019 10:50:16 GMT+0800 (HKT),5,24540,1067
LEOTIMING,Wed Feb 13 2019 10:50:16 GMT+0800 (HKT),5,24539,1066.8
LEOTIMING,Wed Feb 13 2019 10:50:16 GMT+0800 (HKT),5,24540,1067
LEOTIMING,Wed Feb 13 2019 10:50:16 GMT+0800 (HKT),5,24540,1067
LEOTIMING,Wed Feb 13 2019 10:50:16 GMT+0800 (HKT),5,24537,1065
LEOTIMING,Wed Feb 13 2019 10:50:16 GMT+0800 (HKT),5,24540,1067.2
LEOTIMING,Wed Feb 13 2019 10:50:16 GMT+0800 (HKT),5,24540,1067.4
LEOTIMING,Wed Feb 13 2019 10:50:16 GMT+0800 (HKT),5,24540,1067.2
LEOTIMING,Wed Feb 13 2019 10:50:16 GMT+0800 (HKT),5,24540,1067.6
LEOTIMING,Wed Feb 13 2019 10:50:16 GMT+0800 (HKT),5,24539,1067.4
LEOTIMING,Wed Feb 13 2019 10:50:16 GMT+0800 (HKT),5,24539,1067.6
LEOTIMING,Wed Feb 13 2019 10:50:16 GMT+0800 (HKT),5,24540,1067.6
LEOTIMING,Wed Feb 13 2019 10:50:16 GMT+0800 (HKT),5,24540,1067.8
LEOTIMING,Wed Feb 13 2019 10:50:16 GMT+0800 (HKT),5,24540,1067.8
LEOTIMING,Wed Feb 13 2019 10:50:16 GMT+0800 (HKT),5,24540,1068
LEOTIMING,Wed Feb 13 2019 10:50:16 GMT+0800 (HKT),7,24534,785.8571428571429
LEOTIMING,Wed Feb 13 2019 10:50:16 GMT+0800 (HKT),5,24540,1068
LEOTIMING,Wed Feb 13 2019 10:50:16 GMT+0800 (HKT),5,24540,1068
LEOTIMING,Wed Feb 13 2019 10:50:16 GMT+0800 (HKT),5,24540,1068.2
LEOTIMING,Wed Feb 13 2019 10:50:16 GMT+0800 (HKT),5,24540,1068.2
LEOTIMING,Wed Feb 13 2019 10:50:16 GMT+0800 (HKT),5,24541,1068.4
LEOTIMING,Wed Feb 13 2019 10:50:16 GMT+0800 (HKT),5,24541,1068.6
LEOTIMING,Wed Feb 13 2019 10:50:16 GMT+0800 (HKT),5,24541,1068.8
LEOTIMING,Wed Feb 13 2019 10:50:16 GMT+0800 (HKT),5,24540,1068.6
LEOTIMING,Wed Feb 13 2019 10:50:16 GMT+0800 (HKT),5,24541,1068.8
LEOTIMING,Wed Feb 13 2019 10:50:16 GMT+0800 (HKT),5,24541,1068.8
LEOTIMING,Wed Feb 13 2019 10:50:16 GMT+0800 (HKT),5,24541,1069
LEOTIMING,Wed Feb 13 2019 10:50:16 GMT+0800 (HKT),5,24541,1069
LEOTIMING,Wed Feb 13 2019 10:50:16 GMT+0800 (HKT),5,24542,1069.2
LEOTIMING,Wed Feb 13 2019 10:50:16 GMT+0800 (HKT),5,24542,1069.2
LEOTIMING,Wed Feb 13 2019 10:50:16 GMT+0800 (HKT),5,24542,1069.4
LEOTIMING,Wed Feb 13 2019 10:50:16 GMT+0800 (HKT),5,24541,1069.2
LEOTIMING,Wed Feb 13 2019 10:50:16 GMT+0800 (HKT),5,24542,1069.4
LEOTIMING,Wed Feb 13 2019 10:50:16 GMT+0800 (HKT),5,24542,1069.4
LEOTIMING,Wed Feb 13 2019 10:50:16 GMT+0800 (HKT),5,24542,1069.6
LEOTIMING,Wed Feb 13 2019 10:50:16 GMT+0800 (HKT),7,24527,781.1428571428571
LEOTIMING,Wed Feb 13 2019 10:50:16 GMT+0800 (HKT),5,24542,1069.8
LEOTIMING,Wed Feb 13 2019 10:50:16 GMT+0800 (HKT),5,24543,1070
LEOTIMING,Wed Feb 13 2019 10:50:16 GMT+0800 (HKT),5,24543,1070.2
LEOTIMING,Wed Feb 13 2019 10:50:16 GMT+0800 (HKT),5,24542,1070
LEOTIMING,Wed Feb 13 2019 10:50:16 GMT+0800 (HKT),5,24542,1070.2
LEOTIMING,Wed Feb 13 2019 10:50:16 GMT+0800 (HKT),5,24543,1070.2
LEOTIMING,Wed Feb 13 2019 10:50:16 GMT+0800 (HKT),5,24543,1070.4
LEOTIMING,Wed Feb 13 2019 10:50:16 GMT+0800 (HKT),5,24543,1070.4
LEOTIMING,Wed Feb 13 2019 10:50:16 GMT+0800 (HKT),5,24543,1070.6
LEOTIMING,Wed Feb 13 2019 10:50:16 GMT+0800 (HKT),5,24544,1070.6
LEOTIMING,Wed Feb 13 2019 10:50:16 GMT+0800 (HKT),5,24543,1070.6
LEOTIMING,Wed Feb 13 2019 10:50:16 GMT+0800 (HKT),5,24543,1070.6
LEOTIMING,Wed Feb 13 2019 10:50:16 GMT+0800 (HKT),5,24543,1070.8
LEOTIMING,Wed Feb 13 2019 10:50:16 GMT+0800 (HKT),5,24544,1071
LEOTIMING,Wed Feb 13 2019 10:50:16 GMT+0800 (HKT),5,24544,1071.2
LEOTIMING,Wed Feb 13 2019 10:50:16 GMT+0800 (HKT),5,24544,1071.2
LEOTIMING,Wed Feb 13 2019 10:50:16 GMT+0800 (HKT),5,24544,1071.4
LEOTIMING,Wed Feb 13 2019 10:50:16 GMT+0800 (HKT),5,24545,1071.4
LEOTIMING,Wed Feb 13 2019 10:50:16 GMT+0800 (HKT),5,24545,1071.6
LEOTIMING,Wed Feb 13 2019 10:50:16 GMT+0800 (HKT),5,24544,1071.4
LEOTIMING,Wed Feb 13 2019 10:50:16 GMT+0800 (HKT),5,24544,1071.6
LEOTIMING,Wed Feb 13 2019 10:50:16 GMT+0800 (HKT),5,24545,1071.6
LEOTIMING,Wed Feb 13 2019 10:50:16 GMT+0800 (HKT),5,24544,1071.6
LEOTIMING,Wed Feb 13 2019 10:50:16 GMT+0800 (HKT),5,24544,1071.8
LEOTIMING,Wed Feb 13 2019 10:50:16 GMT+0800 (HKT),5,24544,1071.8
LEOTIMING,Wed Feb 13 2019 10:50:16 GMT+0800 (HKT),5,24544,1072
LEOTIMING,Wed Feb 13 2019 10:50:16 GMT+0800 (HKT),5,24545,1072
LEOTIMING,Wed Feb 13 2019 10:50:16 GMT+0800 (HKT),5,24545,1072.2
LEOTIMING,Wed Feb 13 2019 10:50:16 GMT+0800 (HKT),5,24545,1072.4
LEOTIMING,Wed Feb 13 2019 10:50:16 GMT+0800 (HKT),5,24544,1072.2
LEOTIMING,Wed Feb 13 2019 10:50:16 GMT+0800 (HKT),5,24545,1073.2
LEOTIMING,Wed Feb 13 2019 10:50:16 GMT+0800 (HKT),5,24545,1073.2
LEOTIMING,Wed Feb 13 2019 10:50:16 GMT+0800 (HKT),5,24545,1073.4
LEOTIMING,Wed Feb 13 2019 10:50:16 GMT+0800 (HKT),5,24545,1073.6
LEOTIMING,Wed Feb 13 2019 10:50:16 GMT+0800 (HKT),5,24546,1073.6
LEOTIMING,Wed Feb 13 2019 10:50:16 GMT+0800 (HKT),5,24546,1073.8
LEOTIMING,Wed Feb 13 2019 10:50:16 GMT+0800 (HKT),5,24545,1073.8
LEOTIMING,Wed Feb 13 2019 10:50:16 GMT+0800 (HKT),5,24545,1073.8
LEOTIMING,Wed Feb 13 2019 10:50:16 GMT+0800 (HKT),5,24545,1074
LEOTIMING,Wed Feb 13 2019 10:50:16 GMT+0800 (HKT),5,24546,1074
LEOTIMING,Wed Feb 13 2019 10:50:16 GMT+0800 (HKT),5,24546,1074.2
LEOTIMING,Wed Feb 13 2019 10:50:16 GMT+0800 (HKT),5,24546,1074.2
LEOTIMING,Wed Feb 13 2019 10:50:16 GMT+0800 (HKT),5,24546,1074.4
LEOTIMING,Wed Feb 13 2019 10:50:16 GMT+0800 (HKT),5,24546,1074.2
LEOTIMING,Wed Feb 13 2019 10:50:16 GMT+0800 (HKT),5,24546,1074.4
LEOTIMING,Wed Feb 13 2019 10:50:16 GMT+0800 (HKT),5,24546,1074.4
LEOTIMING,Wed Feb 13 2019 10:50:16 GMT+0800 (HKT),5,24546,1074.6
LEOTIMING,Wed Feb 13 2019 10:50:16 GMT+0800 (HKT),5,24547,1074.6
LEOTIMING,Wed Feb 13 2019 10:50:16 GMT+0800 (HKT),5,24546,1074.6
LEOTIMING,Wed Feb 13 2019 10:50:16 GMT+0800 (HKT),5,24546,1074.8
LEOTIMING,Wed Feb 13 2019 10:50:16 GMT+0800 (HKT),5,24546,1075
LEOTIMING,Wed Feb 13 2019 10:50:16 GMT+0800 (HKT),5,24547,1075
LEOTIMING,Wed Feb 13 2019 10:50:16 GMT+0800 (HKT),5,24547,1075.2
LEOTIMING,Wed Feb 13 2019 10:50:16 GMT+0800 (HKT),5,24546,1075
LEOTIMING,Wed Feb 13 2019 10:50:16 GMT+0800 (HKT),5,24546,1075.2
LEOTIMING,Wed Feb 13 2019 10:50:16 GMT+0800 (HKT),5,24547,1075.2
LEOTIMING,Wed Feb 13 2019 10:50:16 GMT+0800 (HKT),5,24547,1075.4
LEOTIMING,Wed Feb 13 2019 10:50:16 GMT+0800 (HKT),5,24547,1075.4
LEOTIMING,Wed Feb 13 2019 10:50:16 GMT+0800 (HKT),5,24547,1075.6
LEOTIMING,Wed Feb 13 2019 10:50:16 GMT+0800 (HKT),5,24547,1075.4
LEOTIMING,Wed Feb 13 2019 10:50:16 GMT+0800 (HKT),5,24547,1075.6
LEOTIMING,Wed Feb 13 2019 10:50:16 GMT+0800 (HKT),5,24547,1075.8
LEOTIMING,Wed Feb 13 2019 10:50:16 GMT+0800 (HKT),5,24547,1075.8
LEOTIMING,Wed Feb 13 2019 10:50:16 GMT+0800 (HKT),5,24548,1076
LEOTIMING,Wed Feb 13 2019 10:50:16 GMT+0800 (HKT),5,24548,1076.2
LEOTIMING,Wed Feb 13 2019 10:50:16 GMT+0800 (HKT),5,24548,1076.2
LEOTIMING,Wed Feb 13 2019 10:50:16 GMT+0800 (HKT),5,24547,1076.2
LEOTIMING,Wed Feb 13 2019 10:50:16 GMT+0800 (HKT),5,24548,1076.2
LEOTIMING,Wed Feb 13 2019 10:50:16 GMT+0800 (HKT),5,24548,1076.4
LEOTIMING,Wed Feb 13 2019 10:50:16 GMT+0800 (HKT),5,24548,1076.4
LEOTIMING,Wed Feb 13 2019 10:50:16 GMT+0800 (HKT),5,24548,1076.6
LEOTIMING,Wed Feb 13 2019 10:50:16 GMT+0800 (HKT),5,24549,1076.6
LEOTIMING,Wed Feb 13 2019 10:50:16 GMT+0800 (HKT),5,24549,1076.8
LEOTIMING,Wed Feb 13 2019 10:50:16 GMT+0800 (HKT),5,24548,1076.8
LEOTIMING,Wed Feb 13 2019 10:50:16 GMT+0800 (HKT),5,24548,1076.8
LEOTIMING,Wed Feb 13 2019 10:50:16 GMT+0800 (HKT),5,24549,1077
LEOTIMING,Wed Feb 13 2019 10:50:16 GMT+0800 (HKT),5,24549,1077
LEOTIMING,Wed Feb 13 2019 10:50:16 GMT+0800 (HKT),5,24541,1067.6
LEOTIMING,Wed Feb 13 2019 10:50:16 GMT+0800 (HKT),5,24548,1077.2
LEOTIMING,Wed Feb 13 2019 10:50:16 GMT+0800 (HKT),5,24548,1077.2
LEOTIMING,Wed Feb 13 2019 10:50:16 GMT+0800 (HKT),5,24549,1077.4
LEOTIMING,Wed Feb 13 2019 10:50:16 GMT+0800 (HKT),5,24549,1077.4
LEOTIMING,Wed Feb 13 2019 10:50:16 GMT+0800 (HKT),5,24549,1077.6
LEOTIMING,Wed Feb 13 2019 10:50:16 GMT+0800 (HKT),5,24543,1070
LEOTIMING,Wed Feb 13 2019 10:50:16 GMT+0800 (HKT),5,24549,1077.2
LEOTIMING,Wed Feb 13 2019 10:50:16 GMT+0800 (HKT),5,24549,1077.6
LEOTIMING,Wed Feb 13 2019 10:50:16 GMT+0800 (HKT),5,24549,1077.6
LEOTIMING,Wed Feb 13 2019 10:50:16 GMT+0800 (HKT),5,24549,1077.6
LEOTIMING,Wed Feb 13 2019 10:50:16 GMT+0800 (HKT),5,24550,1078
LEOTIMING,Wed Feb 13 2019 10:50:16 GMT+0800 (HKT),5,24540,1067.8
LEOTIMING,Wed Feb 13 2019 10:50:16 GMT+0800 (HKT),5,24549,1078
LEOTIMING,Wed Feb 13 2019 10:50:16 GMT+0800 (HKT),5,24549,1077.8
LEOTIMING,Wed Feb 13 2019 10:50:16 GMT+0800 (HKT),5,24549,1077.8
LEOTIMING,Wed Feb 13 2019 10:50:16 GMT+0800 (HKT),7,24550,783.2857142857143
LEOTIMING,Wed Feb 13 2019 10:50:16 GMT+0800 (HKT),7,24550,783.4285714285714
LEOTIMING,Wed Feb 13 2019 10:50:16 GMT+0800 (HKT),7,24550,783.2857142857143
LEOTIMING,Wed Feb 13 2019 10:50:16 GMT+0800 (HKT),7,24558,783.4285714285714
LEOTIMING,Wed Feb 13 2019 10:50:16 GMT+0800 (HKT),7,24559,783.7142857142857
LEOTIMING,Wed Feb 13 2019 10:50:16 GMT+0800 (HKT),7,24559,783.8571428571429
LEOTIMING,Wed Feb 13 2019 10:50:16 GMT+0800 (HKT),7,24560,783.8571428571429
LEOTIMING,Wed Feb 13 2019 10:50:16 GMT+0800 (HKT),7,24560,784
LEOTIMING,Wed Feb 13 2019 10:50:16 GMT+0800 (HKT),5,24550,1078.2
LEOTIMING,Wed Feb 13 2019 10:50:16 GMT+0800 (HKT),5,24549,1078
LEOTIMING,Wed Feb 13 2019 10:50:16 GMT+0800 (HKT),7,24551,783.4285714285714
LEOTIMING,Wed Feb 13 2019 10:50:16 GMT+0800 (HKT),7,24561,784.1428571428571
LEOTIMING,Wed Feb 13 2019 10:50:16 GMT+0800 (HKT),7,24561,784.2857142857143
LEOTIMING,Wed Feb 13 2019 10:50:16 GMT+0800 (HKT),7,24560,784.2857142857143
LEOTIMING,Wed Feb 13 2019 10:50:16 GMT+0800 (HKT),7,24559,784.1428571428571
LEOTIMING,Wed Feb 13 2019 10:50:16 GMT+0800 (HKT),7,24560,784.1428571428571
LEOTIMING,Wed Feb 13 2019 10:50:16 GMT+0800 (HKT),7,24560,784.1428571428571
LEOTIMING,Wed Feb 13 2019 10:50:16 GMT+0800 (HKT),7,24560,784.2857142857143
LEOTIMING,Wed Feb 13 2019 10:50:16 GMT+0800 (HKT),6,24561,915.1666666666666
LEOTIMING,Wed Feb 13 2019 10:50:16 GMT+0800 (HKT),6,24561,915.3333333333334
LEOTIMING,Wed Feb 13 2019 10:50:16 GMT+0800 (HKT),6,24561,915.5
LEOTIMING,Wed Feb 13 2019 10:50:16 GMT+0800 (HKT),6,24562,915.6666666666666
LEOTIMING,Wed Feb 13 2019 10:50:16 GMT+0800 (HKT),6,24561,915.5
LEOTIMING,Wed Feb 13 2019 10:50:16 GMT+0800 (HKT),7,24560,784.2857142857143
LEOTIMING,Wed Feb 13 2019 10:50:16 GMT+0800 (HKT),6,24562,915.6666666666666
LEOTIMING,Wed Feb 13 2019 10:50:16 GMT+0800 (HKT),6,24562,915.8333333333334
LEOTIMING,Wed Feb 13 2019 10:50:16 GMT+0800 (HKT),6,24561,915.6666666666666
LEOTIMING,Wed Feb 13 2019 10:50:16 GMT+0800 (HKT),6,24563,916
LEOTIMING,Wed Feb 13 2019 10:50:16 GMT+0800 (HKT),6,24562,916
LEOTIMING,Wed Feb 13 2019 10:50:16 GMT+0800 (HKT),6,24563,916.1666666666666
LEOTIMING,Wed Feb 13 2019 10:50:16 GMT+0800 (HKT),6,24562,916.1666666666666
LEOTIMING,Wed Feb 13 2019 10:50:16 GMT+0800 (HKT),6,24561,915.3333333333334
LEOTIMING,Wed Feb 13 2019 10:50:16 GMT+0800 (HKT),6,24563,916.3333333333334
LEOTIMING,Wed Feb 13 2019 10:50:16 GMT+0800 (HKT),6,24563,916.3333333333334
LEOTIMING,Wed Feb 13 2019 10:50:16 GMT+0800 (HKT),6,24563,916.1666666666666
LEOTIMING,Wed Feb 13 2019 10:50:16 GMT+0800 (HKT),6,24564,916.6666666666666
LEOTIMING,Wed Feb 13 2019 10:50:16 GMT+0800 (HKT),6,24564,916.6666666666666
LEOTIMING,Wed Feb 13 2019 10:50:16 GMT+0800 (HKT),6,24564,916.6666666666666
LEOTIMING,Wed Feb 13 2019 10:50:16 GMT+0800 (HKT),7,24560,784.2857142857143
LEOTIMING,Wed Feb 13 2019 10:50:16 GMT+0800 (HKT),6,24564,916.8333333333334
LEOTIMING,Wed Feb 13 2019 10:50:16 GMT+0800 (HKT),6,24565,916.8333333333334
LEOTIMING,Wed Feb 13 2019 10:50:16 GMT+0800 (HKT),6,24565,917
LEOTIMING,Wed Feb 13 2019 10:50:16 GMT+0800 (HKT),6,24563,916.1666666666666
LEOTIMING,Wed Feb 13 2019 10:50:16 GMT+0800 (HKT),6,24565,917
LEOTIMING,Wed Feb 13 2019 10:50:16 GMT+0800 (HKT),6,24564,916.6666666666666
LEOTIMING,Wed Feb 13 2019 10:50:16 GMT+0800 (HKT),6,24565,917.1666666666666
LEOTIMING,Wed Feb 13 2019 10:50:16 GMT+0800 (HKT),6,24566,917.3333333333334
LEOTIMING,Wed Feb 13 2019 10:50:16 GMT+0800 (HKT),6,24566,917.3333333333334
LEOTIMING,Wed Feb 13 2019 10:50:16 GMT+0800 (HKT),6,24566,917.5
LEOTIMING,Wed Feb 13 2019 10:50:16 GMT+0800 (HKT),6,24566,917.5
LEOTIMING,Wed Feb 13 2019 10:50:16 GMT+0800 (HKT),6,24565,917.1666666666666
LEOTIMING,Wed Feb 13 2019 10:50:16 GMT+0800 (HKT),6,24566,917.6666666666666
LEOTIMING,Wed Feb 13 2019 10:50:16 GMT+0800 (HKT),6,24566,917.6666666666666
LEOTIMING,Wed Feb 13 2019 10:50:16 GMT+0800 (HKT),6,24567,917.8333333333334
LEOTIMING,Wed Feb 13 2019 10:50:16 GMT+0800 (HKT),6,24567,917.8333333333334
LEOTIMING,Wed Feb 13 2019 10:50:16 GMT+0800 (HKT),6,24566,917.8333333333334
LEOTIMING,Wed Feb 13 2019 10:50:16 GMT+0800 (HKT),6,24566,917.8333333333334
LEOTIMING,Wed Feb 13 2019 10:50:16 GMT+0800 (HKT),6,24567,918
LEOTIMING,Wed Feb 13 2019 10:50:16 GMT+0800 (HKT),6,24564,916.5
LEOTIMING,Wed Feb 13 2019 10:50:16 GMT+0800 (HKT),6,24568,918.1666666666666
LEOTIMING,Wed Feb 13 2019 10:50:16 GMT+0800 (HKT),6,24568,918.5
LEOTIMING,Wed Feb 13 2019 10:50:16 GMT+0800 (HKT),6,24567,918.5
LEOTIMING,Wed Feb 13 2019 10:50:16 GMT+0800 (HKT),6,24567,918.6666666666666
LEOTIMING,Wed Feb 13 2019 10:50:16 GMT+0800 (HKT),6,24565,917.1666666666666
LEOTIMING,Wed Feb 13 2019 10:50:16 GMT+0800 (HKT),6,24568,918.6666666666666
LEOTIMING,Wed Feb 13 2019 10:50:16 GMT+0800 (HKT),6,24568,918.8333333333334
LEOTIMING,Wed Feb 13 2019 10:50:16 GMT+0800 (HKT),6,24567,918.8333333333334
LEOTIMING,Wed Feb 13 2019 10:50:16 GMT+0800 (HKT),6,24568,918.8333333333334
LEOTIMING,Wed Feb 13 2019 10:50:16 GMT+0800 (HKT),6,24568,919
LEOTIMING,Wed Feb 13 2019 10:50:16 GMT+0800 (HKT),6,24568,919
LEOTIMING,Wed Feb 13 2019 10:50:16 GMT+0800 (HKT),6,24568,918.8333333333334
LEOTIMING,Wed Feb 13 2019 10:50:16 GMT+0800 (HKT),6,24568,919
LEOTIMING,Wed Feb 13 2019 10:50:16 GMT+0800 (HKT),6,24568,919.1666666666666
LEOTIMING,Wed Feb 13 2019 10:50:16 GMT+0800 (HKT),6,24569,919.1666666666666
LEOTIMING,Wed Feb 13 2019 10:50:16 GMT+0800 (HKT),6,24569,919.3333333333334
LEOTIMING,Wed Feb 13 2019 10:50:16 GMT+0800 (HKT),6,24569,919.5
LEOTIMING,Wed Feb 13 2019 10:50:16 GMT+0800 (HKT),6,24569,919.8333333333334
LEOTIMING,Wed Feb 13 2019 10:50:16 GMT+0800 (HKT),6,24567,918.1666666666666
LEOTIMING,Wed Feb 13 2019 10:50:16 GMT+0800 (HKT),6,24575,919.8333333333334
LEOTIMING,Wed Feb 13 2019 10:50:16 GMT+0800 (HKT),6,24575,920
LEOTIMING,Wed Feb 13 2019 10:50:16 GMT+0800 (HKT),6,24576,920
LEOTIMING,Wed Feb 13 2019 10:50:16 GMT+0800 (HKT),6,24576,920.1666666666666
LEOTIMING,Wed Feb 13 2019 10:50:16 GMT+0800 (HKT),6,24568,919.3333333333334
LEOTIMING,Wed Feb 13 2019 10:50:16 GMT+0800 (HKT),6,24576,920.1666666666666
LEOTIMING,Wed Feb 13 2019 10:50:16 GMT+0800 (HKT),6,24577,920.1666666666666
LEOTIMING,Wed Feb 13 2019 10:50:16 GMT+0800 (HKT),6,24576,920
LEOTIMING,Wed Feb 13 2019 10:50:16 GMT+0800 (HKT),6,24578,920.5
LEOTIMING,Wed Feb 13 2019 10:50:16 GMT+0800 (HKT),6,24566,917.5
LEOTIMING,Wed Feb 13 2019 10:50:16 GMT+0800 (HKT),6,24579,920.6666666666666
LEOTIMING,Wed Feb 13 2019 10:50:16 GMT+0800 (HKT),6,24578,920.6666666666666
LEOTIMING,Wed Feb 13 2019 10:50:16 GMT+0800 (HKT),6,24578,920.8333333333334
LEOTIMING,Wed Feb 13 2019 10:50:16 GMT+0800 (HKT),6,24579,921
LEOTIMING,Wed Feb 13 2019 10:50:16 GMT+0800 (HKT),6,24579,921
LEOTIMING,Wed Feb 13 2019 10:50:16 GMT+0800 (HKT),6,24579,921.1666666666666
LEOTIMING,Wed Feb 13 2019 10:50:16 GMT+0800 (HKT),6,24580,921.1666666666666
LEOTIMING,Wed Feb 13 2019 10:50:16 GMT+0800 (HKT),6,24580,921.3333333333334
LEOTIMING,Wed Feb 13 2019 10:50:16 GMT+0800 (HKT),6,24581,921.3333333333334
LEOTIMING,Wed Feb 13 2019 10:50:16 GMT+0800 (HKT),6,24580,921.3333333333334
LEOTIMING,Wed Feb 13 2019 10:50:16 GMT+0800 (HKT),6,24580,921.5
LEOTIMING,Wed Feb 13 2019 10:50:16 GMT+0800 (HKT),6,24581,921.5
LEOTIMING,Wed Feb 13 2019 10:50:16 GMT+0800 (HKT),6,24577,920.3333333333334
LEOTIMING,Wed Feb 13 2019 10:50:16 GMT+0800 (HKT),6,24581,921.6666666666666
LEOTIMING,Wed Feb 13 2019 10:50:16 GMT+0800 (HKT),6,24582,922
LEOTIMING,Wed Feb 13 2019 10:50:16 GMT+0800 (HKT),6,24581,921.8333333333334
LEOTIMING,Wed Feb 13 2019 10:50:16 GMT+0800 (HKT),6,24581,922
LEOTIMING,Wed Feb 13 2019 10:50:16 GMT+0800 (HKT),6,24582,922
LEOTIMING,Wed Feb 13 2019 10:50:16 GMT+0800 (HKT),6,24582,922.1666666666666
LEOTIMING,Wed Feb 13 2019 10:50:16 GMT+0800 (HKT),6,24582,922.3333333333334
LEOTIMING,Wed Feb 13 2019 10:50:16 GMT+0800 (HKT),6,24583,922.3333333333334
LEOTIMING,Wed Feb 13 2019 10:50:16 GMT+0800 (HKT),6,24582,922.3333333333334
LEOTIMING,Wed Feb 13 2019 10:50:16 GMT+0800 (HKT),6,24583,922.3333333333334
LEOTIMING,Wed Feb 13 2019 10:50:16 GMT+0800 (HKT),6,24578,920.6666666666666
LEOTIMING,Wed Feb 13 2019 10:50:16 GMT+0800 (HKT),6,24583,922.6666666666666
LEOTIMING,Wed Feb 13 2019 10:50:16 GMT+0800 (HKT),6,24581,921.8333333333334
LEOTIMING,Wed Feb 13 2019 10:50:16 GMT+0800 (HKT),6,24584,922.6666666666666
LEOTIMING,Wed Feb 13 2019 10:50:16 GMT+0800 (HKT),6,24569,919.8333333333334
LEOTIMING,Wed Feb 13 2019 10:50:16 GMT+0800 (HKT),6,24585,923
LEOTIMING,Wed Feb 13 2019 10:50:16 GMT+0800 (HKT),6,24585,923.1666666666666
LEOTIMING,Wed Feb 13 2019 10:50:16 GMT+0800 (HKT),6,24585,923
LEOTIMING,Wed Feb 13 2019 10:50:16 GMT+0800 (HKT),6,24585,923
LEOTIMING,Wed Feb 13 2019 10:50:16 GMT+0800 (HKT),6,24586,923.1666666666666
LEOTIMING,Wed Feb 13 2019 10:50:16 GMT+0800 (HKT),6,24587,923.3333333333334
LEOTIMING,Wed Feb 13 2019 10:50:16 GMT+0800 (HKT),6,24587,923.5
LEOTIMING,Wed Feb 13 2019 10:50:16 GMT+0800 (HKT),6,24588,923.5
LEOTIMING,Wed Feb 13 2019 10:50:16 GMT+0800 (HKT),6,24588,924.5
LEOTIMING,Wed Feb 13 2019 10:50:16 GMT+0800 (HKT),6,24585,923.1666666666666
LEOTIMING,Wed Feb 13 2019 10:50:16 GMT+0800 (HKT),6,24589,924.6666666666666
LEOTIMING,Wed Feb 13 2019 10:50:16 GMT+0800 (HKT),6,24584,922.8333333333334
LEOTIMING,Wed Feb 13 2019 10:50:16 GMT+0800 (HKT),6,24588,924.6666666666666
LEOTIMING,Wed Feb 13 2019 10:50:16 GMT+0800 (HKT),6,24588,924.8333333333334
LEOTIMING,Wed Feb 13 2019 10:50:16 GMT+0800 (HKT),6,24589,925
LEOTIMING,Wed Feb 13 2019 10:50:16 GMT+0800 (HKT),6,24590,925.1666666666666
LEOTIMING,Wed Feb 13 2019 10:50:16 GMT+0800 (HKT),6,24589,924.8333333333334
LEOTIMING,Wed Feb 13 2019 10:50:16 GMT+0800 (HKT),6,24590,925.3333333333334
LEOTIMING,Wed Feb 13 2019 10:50:16 GMT+0800 (HKT),6,24583,922.5
LEOTIMING,Wed Feb 13 2019 10:50:16 GMT+0800 (HKT),6,24591,925.6666666666666
LEOTIMING,Wed Feb 13 2019 10:50:16 GMT+0800 (HKT),6,24590,927
LEOTIMING,Wed Feb 13 2019 10:50:16 GMT+0800 (HKT),6,24591,927.6666666666666
LEOTIMING,Wed Feb 13 2019 10:50:16 GMT+0800 (HKT),6,24590,926.5
LEOTIMING,Wed Feb 13 2019 10:50:16 GMT+0800 (HKT),6,24591,928.8333333333334
LEOTIMING,Wed Feb 13 2019 10:50:16 GMT+0800 (HKT),6,24592,929.1666666666666
LEOTIMING,Wed Feb 13 2019 10:50:16 GMT+0800 (HKT),6,24591,928.3333333333334
LEOTIMING,Wed Feb 13 2019 10:50:16 GMT+0800 (HKT),6,24592,929.5
LEOTIMING,Wed Feb 13 2019 10:50:16 GMT+0800 (HKT),6,24593,930.5
LEOTIMING,Wed Feb 13 2019 10:50:16 GMT+0800 (HKT),6,24592,930.6666666666666
LEOTIMING,Wed Feb 13 2019 10:50:16 GMT+0800 (HKT),6,24593,930.8333333333334
LEOTIMING,Wed Feb 13 2019 10:50:16 GMT+0800 (HKT),6,24593,931
LEOTIMING,Wed Feb 13 2019 10:50:16 GMT+0800 (HKT),6,24593,931.1666666666666
LEOTIMING,Wed Feb 13 2019 10:50:16 GMT+0800 (HKT),6,24592,930.3333333333334
LEOTIMING,Wed Feb 13 2019 10:50:16 GMT+0800 (HKT),6,24594,931.6666666666666
LEOTIMING,Wed Feb 13 2019 10:50:16 GMT+0800 (HKT),6,24594,931.8333333333334
LEOTIMING,Wed Feb 13 2019 10:50:16 GMT+0800 (HKT),6,24593,931.6666666666666
LEOTIMING,Wed Feb 13 2019 10:50:16 GMT+0800 (HKT),6,24590,925.1666666666666
LEOTIMING,Wed Feb 13 2019 10:50:16 GMT+0800 (HKT),5,24595,1121
LEOTIMING,Wed Feb 13 2019 10:50:16 GMT+0800 (HKT),5,24595,1121.4
LEOTIMING,Wed Feb 13 2019 10:50:16 GMT+0800 (HKT),5,24595,1121.6
LEOTIMING,Wed Feb 13 2019 10:50:16 GMT+0800 (HKT),5,24593,1121.4
LEOTIMING,Wed Feb 13 2019 10:50:16 GMT+0800 (HKT),5,24594,1121.6
LEOTIMING,Wed Feb 13 2019 10:50:16 GMT+0800 (HKT),5,24593,1120.6
LEOTIMING,Wed Feb 13 2019 10:50:16 GMT+0800 (HKT),5,24593,1122
LEOTIMING,Wed Feb 13 2019 10:50:16 GMT+0800 (HKT),5,24594,1122.4
LEOTIMING,Wed Feb 13 2019 10:50:16 GMT+0800 (HKT),5,24594,1122.6
LEOTIMING,Wed Feb 13 2019 10:50:16 GMT+0800 (HKT),5,24594,1123
LEOTIMING,Wed Feb 13 2019 10:50:16 GMT+0800 (HKT),5,24594,1123
LEOTIMING,Wed Feb 13 2019 10:50:16 GMT+0800 (HKT),5,24593,1121.8
LEOTIMING,Wed Feb 13 2019 10:50:16 GMT+0800 (HKT),5,24594,1123.4
LEOTIMING,Wed Feb 13 2019 10:50:16 GMT+0800 (HKT),5,24594,1123.6
LEOTIMING,Wed Feb 13 2019 10:50:16 GMT+0800 (HKT),6,24588,924.6666666666666
LEOTIMING,Wed Feb 13 2019 10:50:16 GMT+0800 (HKT),5,24595,1124
LEOTIMING,Wed Feb 13 2019 10:50:16 GMT+0800 (HKT),5,24595,1124.2
LEOTIMING,Wed Feb 13 2019 10:50:16 GMT+0800 (HKT),5,24595,1124.2
LEOTIMING,Wed Feb 13 2019 10:50:16 GMT+0800 (HKT),5,24595,1125.2
LEOTIMING,Wed Feb 13 2019 10:50:16 GMT+0800 (HKT),5,24595,1125.8
LEOTIMING,Wed Feb 13 2019 10:50:16 GMT+0800 (HKT),5,24595,1123.6
LEOTIMING,Wed Feb 13 2019 10:50:16 GMT+0800 (HKT),5,24596,1126.8
LEOTIMING,Wed Feb 13 2019 10:50:16 GMT+0800 (HKT),5,24596,1127
LEOTIMING,Wed Feb 13 2019 10:50:16 GMT+0800 (HKT),5,24596,1127.2
LEOTIMING,Wed Feb 13 2019 10:50:16 GMT+0800 (HKT),5,24595,1123.8
LEOTIMING,Wed Feb 13 2019 10:50:16 GMT+0800 (HKT),5,24596,1127.2
LEOTIMING,Wed Feb 13 2019 10:50:16 GMT+0800 (HKT),5,24595,1126.4
LEOTIMING,Wed Feb 13 2019 10:50:16 GMT+0800 (HKT),5,24596,1127
LEOTIMING,Wed Feb 13 2019 10:50:16 GMT+0800 (HKT),5,24597,1127.8
LEOTIMING,Wed Feb 13 2019 10:50:16 GMT+0800 (HKT),5,24597,1128
LEOTIMING,Wed Feb 13 2019 10:50:16 GMT+0800 (HKT),5,24597,1128.2
LEOTIMING,Wed Feb 13 2019 10:50:16 GMT+0800 (HKT),5,24597,1127.6
LEOTIMING,Wed Feb 13 2019 10:50:16 GMT+0800 (HKT),6,24594,931.3333333333334
LEOTIMING,Wed Feb 13 2019 10:50:16 GMT+0800 (HKT),5,24598,1128.8
LEOTIMING,Wed Feb 13 2019 10:50:16 GMT+0800 (HKT),5,24598,1129
LEOTIMING,Wed Feb 13 2019 10:50:16 GMT+0800 (HKT),5,24598,1129
LEOTIMING,Wed Feb 13 2019 10:50:16 GMT+0800 (HKT),5,24598,1129
LEOTIMING,Wed Feb 13 2019 10:50:16 GMT+0800 (HKT),5,24598,1129.2
LEOTIMING,Wed Feb 13 2019 10:50:16 GMT+0800 (HKT),5,24598,1129.2
LEOTIMING,Wed Feb 13 2019 10:50:16 GMT+0800 (HKT),5,24598,1129.6
LEOTIMING,Wed Feb 13 2019 10:50:16 GMT+0800 (HKT),5,24599,1129.8
LEOTIMING,Wed Feb 13 2019 10:50:16 GMT+0800 (HKT),5,24599,1130
LEOTIMING,Wed Feb 13 2019 10:50:16 GMT+0800 (HKT),5,24597,1127.4
LEOTIMING,Wed Feb 13 2019 10:50:16 GMT+0800 (HKT),5,24600,1130.2
LEOTIMING,Wed Feb 13 2019 10:50:16 GMT+0800 (HKT),5,24600,1130.4
LEOTIMING,Wed Feb 13 2019 10:50:16 GMT+0800 (HKT),5,24599,1130.2
LEOTIMING,Wed Feb 13 2019 10:50:16 GMT+0800 (HKT),5,24599,1130.4
LEOTIMING,Wed Feb 13 2019 10:50:16 GMT+0800 (HKT),5,24600,1130.6
LEOTIMING,Wed Feb 13 2019 10:50:16 GMT+0800 (HKT),5,24600,1130.8
LEOTIMING,Wed Feb 13 2019 10:50:16 GMT+0800 (HKT),5,24600,1130.8
LEOTIMING,Wed Feb 13 2019 10:50:16 GMT+0800 (HKT),5,24601,1131
LEOTIMING,Wed Feb 13 2019 10:50:16 GMT+0800 (HKT),5,24601,1131.2
LEOTIMING,Wed Feb 13 2019 10:50:16 GMT+0800 (HKT),5,24602,1131.2
LEOTIMING,Wed Feb 13 2019 10:50:16 GMT+0800 (HKT),5,24597,1128.6
LEOTIMING,Wed Feb 13 2019 10:50:16 GMT+0800 (HKT),5,24601,1131.4
LEOTIMING,Wed Feb 13 2019 10:50:16 GMT+0800 (HKT),5,24601,1131.4
LEOTIMING,Wed Feb 13 2019 10:50:16 GMT+0800 (HKT),5,24602,1131.6
LEOTIMING,Wed Feb 13 2019 10:50:16 GMT+0800 (HKT),5,24602,1131.8
LEOTIMING,Wed Feb 13 2019 10:50:16 GMT+0800 (HKT),5,24597,1128.6
LEOTIMING,Wed Feb 13 2019 10:50:16 GMT+0800 (HKT),5,24602,1132
LEOTIMING,Wed Feb 13 2019 10:50:16 GMT+0800 (HKT),5,24603,1132.2
LEOTIMING,Wed Feb 13 2019 10:50:16 GMT+0800 (HKT),5,24603,1132.4
LEOTIMING,Wed Feb 13 2019 10:50:16 GMT+0800 (HKT),5,24602,1132.4
LEOTIMING,Wed Feb 13 2019 10:50:16 GMT+0800 (HKT),5,24603,1132.4
LEOTIMING,Wed Feb 13 2019 10:50:16 GMT+0800 (HKT),5,24603,1132.6
LEOTIMING,Wed Feb 13 2019 10:50:16 GMT+0800 (HKT),5,24603,1132.8
LEOTIMING,Wed Feb 13 2019 10:50:16 GMT+0800 (HKT),5,24603,1132.8
LEOTIMING,Wed Feb 13 2019 10:50:16 GMT+0800 (HKT),5,24604,1133
LEOTIMING,Wed Feb 13 2019 10:50:16 GMT+0800 (HKT),5,24604,1133.2
LEOTIMING,Wed Feb 13 2019 10:50:16 GMT+0800 (HKT),5,24603,1133.2
LEOTIMING,Wed Feb 13 2019 10:50:16 GMT+0800 (HKT),5,24603,1133.4
LEOTIMING,Wed Feb 13 2019 10:50:16 GMT+0800 (HKT),5,24604,1133.4
LEOTIMING,Wed Feb 13 2019 10:50:16 GMT+0800 (HKT),5,24604,1133.6
LEOTIMING,Wed Feb 13 2019 10:50:16 GMT+0800 (HKT),5,24604,1133.8
LEOTIMING,Wed Feb 13 2019 10:50:16 GMT+0800 (HKT),5,24604,1133.8
LEOTIMING,Wed Feb 13 2019 10:50:16 GMT+0800 (HKT),5,24604,1133.8
LEOTIMING,Wed Feb 13 2019 10:50:16 GMT+0800 (HKT),5,24604,1134
LEOTIMING,Wed Feb 13 2019 10:50:16 GMT+0800 (HKT),5,24604,1134.2
LEOTIMING,Wed Feb 13 2019 10:50:16 GMT+0800 (HKT),5,24605,1134.4
LEOTIMING,Wed Feb 13 2019 10:50:16 GMT+0800 (HKT),5,24605,1134.6
LEOTIMING,Wed Feb 13 2019 10:50:16 GMT+0800 (HKT),5,24606,1134.6
LEOTIMING,Wed Feb 13 2019 10:50:16 GMT+0800 (HKT),5,24599,1130
LEOTIMING,Wed Feb 13 2019 10:50:16 GMT+0800 (HKT),5,24602,1131.8
LEOTIMING,Wed Feb 13 2019 10:50:16 GMT+0800 (HKT),5,24601,1131.2
LEOTIMING,Wed Feb 13 2019 10:50:16 GMT+0800 (HKT),5,24606,1135
LEOTIMING,Wed Feb 13 2019 10:50:16 GMT+0800 (HKT),5,24605,1134.6
LEOTIMING,Wed Feb 13 2019 10:50:16 GMT+0800 (HKT),5,24606,1135.2
LEOTIMING,Wed Feb 13 2019 10:50:16 GMT+0800 (HKT),5,24607,1135.4
LEOTIMING,Wed Feb 13 2019 10:50:16 GMT+0800 (HKT),5,24606,1135.2
LEOTIMING,Wed Feb 13 2019 10:50:16 GMT+0800 (HKT),5,24607,1135.8
LEOTIMING,Wed Feb 13 2019 10:50:16 GMT+0800 (HKT),5,24606,1135.8
LEOTIMING,Wed Feb 13 2019 10:50:16 GMT+0800 (HKT),5,24607,1135.8
LEOTIMING,Wed Feb 13 2019 10:50:16 GMT+0800 (HKT),5,24607,1136
LEOTIMING,Wed Feb 13 2019 10:50:16 GMT+0800 (HKT),5,24607,1136.2
LEOTIMING,Wed Feb 13 2019 10:50:16 GMT+0800 (HKT),5,24607,1135.6
LEOTIMING,Wed Feb 13 2019 10:50:16 GMT+0800 (HKT),5,24606,1134.8
LEOTIMING,Wed Feb 13 2019 10:50:16 GMT+0800 (HKT),5,24608,1136.4
LEOTIMING,Wed Feb 13 2019 10:50:16 GMT+0800 (HKT),5,24607,1136.4
LEOTIMING,Wed Feb 13 2019 10:50:16 GMT+0800 (HKT),5,24607,1136.2
LEOTIMING,Wed Feb 13 2019 10:50:16 GMT+0800 (HKT),5,24608,1136.6
LEOTIMING,Wed Feb 13 2019 10:50:16 GMT+0800 (HKT),5,24607,1136.6
LEOTIMING,Wed Feb 13 2019 10:50:16 GMT+0800 (HKT),5,24607,1136.6
LEOTIMING,Wed Feb 13 2019 10:50:16 GMT+0800 (HKT),5,24607,1136.8
LEOTIMING,Wed Feb 13 2019 10:50:16 GMT+0800 (HKT),5,24608,1137
LEOTIMING,Wed Feb 13 2019 10:50:16 GMT+0800 (HKT),5,24608,1137.2
LEOTIMING,Wed Feb 13 2019 10:50:16 GMT+0800 (HKT),5,24608,1137.2
LEOTIMING,Wed Feb 13 2019 10:50:16 GMT+0800 (HKT),5,24608,1137.4
LEOTIMING,Wed Feb 13 2019 10:50:16 GMT+0800 (HKT),5,24608,1137.2
LEOTIMING,Wed Feb 13 2019 10:50:16 GMT+0800 (HKT),5,24608,1137.4
LEOTIMING,Wed Feb 13 2019 10:50:16 GMT+0800 (HKT),5,24608,1137.4
LEOTIMING,Wed Feb 13 2019 10:50:16 GMT+0800 (HKT),5,24608,1137.6
LEOTIMING,Wed Feb 13 2019 10:50:16 GMT+0800 (HKT),5,24609,1137.8
LEOTIMING,Wed Feb 13 2019 10:50:16 GMT+0800 (HKT),5,24609,1137.8
LEOTIMING,Wed Feb 13 2019 10:50:16 GMT+0800 (HKT),5,24608,1137.8
LEOTIMING,Wed Feb 13 2019 10:50:16 GMT+0800 (HKT),5,24608,1137.8
LEOTIMING,Wed Feb 13 2019 10:50:16 GMT+0800 (HKT),5,24607,1136.6
LEOTIMING,Wed Feb 13 2019 10:50:16 GMT+0800 (HKT),5,24606,1134.8
LEOTIMING,Wed Feb 13 2019 10:50:16 GMT+0800 (HKT),5,24607,1136.2
LEOTIMING,Wed Feb 13 2019 10:50:16 GMT+0800 (HKT),5,24609,1138
LEOTIMING,Wed Feb 13 2019 10:50:16 GMT+0800 (HKT),5,24610,1138
LEOTIMING,Wed Feb 13 2019 10:50:16 GMT+0800 (HKT),5,24610,1138.4
LEOTIMING,Wed Feb 13 2019 10:50:16 GMT+0800 (HKT),5,24610,1138.6
LEOTIMING,Wed Feb 13 2019 10:50:16 GMT+0800 (HKT),5,24609,1138.4
LEOTIMING,Wed Feb 13 2019 10:50:16 GMT+0800 (HKT),5,24610,1139.8
LEOTIMING,Wed Feb 13 2019 10:50:16 GMT+0800 (HKT),5,24611,1139.8
LEOTIMING,Wed Feb 13 2019 10:50:16 GMT+0800 (HKT),5,24610,1139.8
LEOTIMING,Wed Feb 13 2019 10:50:16 GMT+0800 (HKT),5,24610,1140
LEOTIMING,Wed Feb 13 2019 10:50:16 GMT+0800 (HKT),5,24610,1140
LEOTIMING,Wed Feb 13 2019 10:50:16 GMT+0800 (HKT),5,24610,1140.2
LEOTIMING,Wed Feb 13 2019 10:50:16 GMT+0800 (HKT),5,24611,1140.4
LEOTIMING,Wed Feb 13 2019 10:50:16 GMT+0800 (HKT),5,24610,1138.6
LEOTIMING,Wed Feb 13 2019 10:50:16 GMT+0800 (HKT),5,24611,1140.8
LEOTIMING,Wed Feb 13 2019 10:50:16 GMT+0800 (HKT),5,24611,1140.8
LEOTIMING,Wed Feb 13 2019 10:50:16 GMT+0800 (HKT),5,24611,1140.8
LEOTIMING,Wed Feb 13 2019 10:50:16 GMT+0800 (HKT),5,24611,1141
LEOTIMING,Wed Feb 13 2019 10:50:16 GMT+0800 (HKT),5,24611,1141
LEOTIMING,Wed Feb 13 2019 10:50:16 GMT+0800 (HKT),5,24611,1141.2
LEOTIMING,Wed Feb 13 2019 10:50:16 GMT+0800 (HKT),5,24612,1141.4
LEOTIMING,Wed Feb 13 2019 10:50:16 GMT+0800 (HKT),5,24612,1141.4
LEOTIMING,Wed Feb 13 2019 10:50:16 GMT+0800 (HKT),5,24612,1141.6
LEOTIMING,Wed Feb 13 2019 10:50:16 GMT+0800 (HKT),5,24612,1141.8
LEOTIMING,Wed Feb 13 2019 10:50:16 GMT+0800 (HKT),5,24613,1141.8
LEOTIMING,Wed Feb 13 2019 10:50:16 GMT+0800 (HKT),5,24612,1141.8
LEOTIMING,Wed Feb 13 2019 10:50:16 GMT+0800 (HKT),5,24612,1142
LEOTIMING,Wed Feb 13 2019 10:50:16 GMT+0800 (HKT),5,24613,1142
LEOTIMING,Wed Feb 13 2019 10:50:16 GMT+0800 (HKT),5,24613,1142.2
LEOTIMING,Wed Feb 13 2019 10:50:16 GMT+0800 (HKT),5,24614,1142.2
LEOTIMING,Wed Feb 13 2019 10:50:16 GMT+0800 (HKT),5,24614,1142.4
LEOTIMING,Wed Feb 13 2019 10:50:16 GMT+0800 (HKT),5,24614,1142.6
LEOTIMING,Wed Feb 13 2019 10:50:16 GMT+0800 (HKT),5,24612,1142.2
LEOTIMING,Wed Feb 13 2019 10:50:16 GMT+0800 (HKT),5,24613,1142.4
LEOTIMING,Wed Feb 13 2019 10:50:16 GMT+0800 (HKT),5,24613,1142.4
LEOTIMING,Wed Feb 13 2019 10:50:16 GMT+0800 (HKT),5,24613,1142.6
LEOTIMING,Wed Feb 13 2019 10:50:16 GMT+0800 (HKT),5,24613,1142.6
LEOTIMING,Wed Feb 13 2019 10:50:16 GMT+0800 (HKT),5,24614,1142.8
LEOTIMING,Wed Feb 13 2019 10:50:16 GMT+0800 (HKT),5,24614,1143
LEOTIMING,Wed Feb 13 2019 10:50:16 GMT+0800 (HKT),5,24613,1142.8
LEOTIMING,Wed Feb 13 2019 10:50:16 GMT+0800 (HKT),5,24613,1143
LEOTIMING,Wed Feb 13 2019 10:50:16 GMT+0800 (HKT),5,24614,1143
LEOTIMING,Wed Feb 13 2019 10:50:16 GMT+0800 (HKT),5,24614,1143.2
LEOTIMING,Wed Feb 13 2019 10:50:16 GMT+0800 (HKT),5,24614,1143.2
LEOTIMING,Wed Feb 13 2019 10:50:16 GMT+0800 (HKT),5,24614,1143.4
LEOTIMING,Wed Feb 13 2019 10:50:16 GMT+0800 (HKT),5,24615,1143.6
LEOTIMING,Wed Feb 13 2019 10:50:16 GMT+0800 (HKT),5,24614,1143.6
LEOTIMING,Wed Feb 13 2019 10:50:16 GMT+0800 (HKT),5,24614,1143.8
LEOTIMING,Wed Feb 13 2019 10:50:16 GMT+0800 (HKT),5,24614,1143.8
LEOTIMING,Wed Feb 13 2019 10:50:16 GMT+0800 (HKT),5,24615,1144
LEOTIMING,Wed Feb 13 2019 10:50:16 GMT+0800 (HKT),5,24615,1144
LEOTIMING,Wed Feb 13 2019 10:50:16 GMT+0800 (HKT),5,24615,1144.2
LEOTIMING,Wed Feb 13 2019 10:50:16 GMT+0800 (HKT),5,24615,1144.2
LEOTIMING,Wed Feb 13 2019 10:50:16 GMT+0800 (HKT),5,24615,1144.2
LEOTIMING,Wed Feb 13 2019 10:50:16 GMT+0800 (HKT),5,24614,1144.2
LEOTIMING,Wed Feb 13 2019 10:50:16 GMT+0800 (HKT),5,24614,1144.2
LEOTIMING,Wed Feb 13 2019 10:50:16 GMT+0800 (HKT),5,24614,1144.4
LEOTIMING,Wed Feb 13 2019 10:50:16 GMT+0800 (HKT),5,24615,1144.6
LEOTIMING,Wed Feb 13 2019 10:50:16 GMT+0800 (HKT),5,24615,1144.6
LEOTIMING,Wed Feb 13 2019 10:50:16 GMT+0800 (HKT),5,24616,1144.6
LEOTIMING,Wed Feb 13 2019 10:50:16 GMT+0800 (HKT),5,24616,1144.6
LEOTIMING,Wed Feb 13 2019 10:50:16 GMT+0800 (HKT),5,24617,1144.8
LEOTIMING,Wed Feb 13 2019 10:50:16 GMT+0800 (HKT),5,24617,1144.8
LEOTIMING,Wed Feb 13 2019 10:50:16 GMT+0800 (HKT),5,24618,1145
LEOTIMING,Wed Feb 13 2019 10:50:16 GMT+0800 (HKT),5,24618,1145.2
LEOTIMING,Wed Feb 13 2019 10:50:16 GMT+0800 (HKT),5,24618,1145.2
LEOTIMING,Wed Feb 13 2019 10:50:16 GMT+0800 (HKT),5,24619,1145.4
LEOTIMING,Wed Feb 13 2019 10:50:16 GMT+0800 (HKT),5,24618,1145.2
LEOTIMING,Wed Feb 13 2019 10:50:16 GMT+0800 (HKT),5,24618,1145.4
LEOTIMING,Wed Feb 13 2019 10:50:16 GMT+0800 (HKT),5,24618,1145.4
LEOTIMING,Wed Feb 13 2019 10:50:16 GMT+0800 (HKT),5,24619,1145.6
LEOTIMING,Wed Feb 13 2019 10:50:16 GMT+0800 (HKT),5,24619,1145.8
LEOTIMING,Wed Feb 13 2019 10:50:16 GMT+0800 (HKT),5,24619,1145.8
LEOTIMING,Wed Feb 13 2019 10:50:16 GMT+0800 (HKT),5,24620,1146
LEOTIMING,Wed Feb 13 2019 10:50:16 GMT+0800 (HKT),5,24619,1145.8
LEOTIMING,Wed Feb 13 2019 10:50:16 GMT+0800 (HKT),5,24620,1146
LEOTIMING,Wed Feb 13 2019 10:50:16 GMT+0800 (HKT),5,24620,1146
LEOTIMING,Wed Feb 13 2019 10:50:16 GMT+0800 (HKT),5,24620,1146.2
LEOTIMING,Wed Feb 13 2019 10:50:16 GMT+0800 (HKT),5,24620,1146.4
LEOTIMING,Wed Feb 13 2019 10:50:16 GMT+0800 (HKT),5,24621,1146.4
LEOTIMING,Wed Feb 13 2019 10:50:16 GMT+0800 (HKT),5,24621,1146.6
LEOTIMING,Wed Feb 13 2019 10:50:16 GMT+0800 (HKT),5,24621,1146.6
LEOTIMING,Wed Feb 13 2019 10:50:16 GMT+0800 (HKT),5,24620,1146.6
LEOTIMING,Wed Feb 13 2019 10:50:16 GMT+0800 (HKT),5,24621,1146.6
LEOTIMING,Wed Feb 13 2019 10:50:16 GMT+0800 (HKT),5,24621,1146.8
LEOTIMING,Wed Feb 13 2019 10:50:16 GMT+0800 (HKT),5,24621,1146.8
LEOTIMING,Wed Feb 13 2019 10:50:16 GMT+0800 (HKT),5,24621,1147
LEOTIMING,Wed Feb 13 2019 10:50:16 GMT+0800 (HKT),5,24622,1147
LEOTIMING,Wed Feb 13 2019 10:50:16 GMT+0800 (HKT),5,24622,1147.2
LEOTIMING,Wed Feb 13 2019 10:50:16 GMT+0800 (HKT),5,24622,1147.4
LEOTIMING,Wed Feb 13 2019 10:50:16 GMT+0800 (HKT),5,24622,1147.4
LEOTIMING,Wed Feb 13 2019 10:50:16 GMT+0800 (HKT),5,24623,1147.6
LEOTIMING,Wed Feb 13 2019 10:50:16 GMT+0800 (HKT),5,24623,1147.6
LEOTIMING,Wed Feb 13 2019 10:50:16 GMT+0800 (HKT),5,24622,1147.6
LEOTIMING,Wed Feb 13 2019 10:50:16 GMT+0800 (HKT),5,24622,1147.6
LEOTIMING,Wed Feb 13 2019 10:50:16 GMT+0800 (HKT),5,24623,1147.8
LEOTIMING,Wed Feb 13 2019 10:50:16 GMT+0800 (HKT),5,24623,1147.8
LEOTIMING,Wed Feb 13 2019 10:50:16 GMT+0800 (HKT),5,24623,1148
LEOTIMING,Wed Feb 13 2019 10:50:16 GMT+0800 (HKT),5,24623,1148
LEOTIMING,Wed Feb 13 2019 10:50:16 GMT+0800 (HKT),5,24624,1148.2
LEOTIMING,Wed Feb 13 2019 10:50:16 GMT+0800 (HKT),5,24624,1148.4
LEOTIMING,Wed Feb 13 2019 10:50:16 GMT+0800 (HKT),5,24623,1148.2
LEOTIMING,Wed Feb 13 2019 10:50:16 GMT+0800 (HKT),5,24624,1148.4
LEOTIMING,Wed Feb 13 2019 10:50:16 GMT+0800 (HKT),5,24624,1148.4
LEOTIMING,Wed Feb 13 2019 10:50:16 GMT+0800 (HKT),5,24625,1148.6
LEOTIMING,Wed Feb 13 2019 10:50:16 GMT+0800 (HKT),5,24625,1148.6
LEOTIMING,Wed Feb 13 2019 10:50:16 GMT+0800 (HKT),5,24625,1148.8
LEOTIMING,Wed Feb 13 2019 10:50:16 GMT+0800 (HKT),5,24625,1148.8
LEOTIMING,Wed Feb 13 2019 10:50:16 GMT+0800 (HKT),5,24626,1149
LEOTIMING,Wed Feb 13 2019 10:50:16 GMT+0800 (HKT),5,24625,1148.8
LEOTIMING,Wed Feb 13 2019 10:50:16 GMT+0800 (HKT),5,24625,1149
LEOTIMING,Wed Feb 13 2019 10:50:16 GMT+0800 (HKT),5,24625,1149
LEOTIMING,Wed Feb 13 2019 10:50:16 GMT+0800 (HKT),5,24626,1149.2
LEOTIMING,Wed Feb 13 2019 10:50:16 GMT+0800 (HKT),5,24626,1149.2
LEOTIMING,Wed Feb 13 2019 10:50:16 GMT+0800 (HKT),5,24626,1149.4
LEOTIMING,Wed Feb 13 2019 10:50:16 GMT+0800 (HKT),5,24627,1149.4
LEOTIMING,Wed Feb 13 2019 10:50:16 GMT+0800 (HKT),5,24610,1138.2
LEOTIMING,Wed Feb 13 2019 10:50:16 GMT+0800 (HKT),5,24627,1149.6
LEOTIMING,Wed Feb 13 2019 10:50:16 GMT+0800 (HKT),5,24610,1138.4
LEOTIMING,Wed Feb 13 2019 10:50:16 GMT+0800 (HKT),5,24611,1140.6
LEOTIMING,Wed Feb 13 2019 10:50:16 GMT+0800 (HKT),5,24632,1149.8
LEOTIMING,Wed Feb 13 2019 10:50:16 GMT+0800 (HKT),5,24633,1150
LEOTIMING,Wed Feb 13 2019 10:50:16 GMT+0800 (HKT),5,24626,1149.6
LEOTIMING,Wed Feb 13 2019 10:50:16 GMT+0800 (HKT),5,24633,1150.2
LEOTIMING,Wed Feb 13 2019 10:50:16 GMT+0800 (HKT),5,24634,1150.4
LEOTIMING,Wed Feb 13 2019 10:50:16 GMT+0800 (HKT),5,24634,1150.4
LEOTIMING,Wed Feb 13 2019 10:50:16 GMT+0800 (HKT),5,24634,1150.6
LEOTIMING,Wed Feb 13 2019 10:50:16 GMT+0800 (HKT),5,24633,1150.4
LEOTIMING,Wed Feb 13 2019 10:50:16 GMT+0800 (HKT),5,24633,1150
LEOTIMING,Wed Feb 13 2019 10:50:16 GMT+0800 (HKT),5,24634,1150.8
LEOTIMING,Wed Feb 13 2019 10:50:16 GMT+0800 (HKT),5,24634,1151
LEOTIMING,Wed Feb 13 2019 10:50:16 GMT+0800 (HKT),5,24635,1151
LEOTIMING,Wed Feb 13 2019 10:50:16 GMT+0800 (HKT),5,24635,1151.2
LEOTIMING,Wed Feb 13 2019 10:50:16 GMT+0800 (HKT),5,24635,1151.2
LEOTIMING,Wed Feb 13 2019 10:50:16 GMT+0800 (HKT),5,24635,1151.4
LEOTIMING,Wed Feb 13 2019 10:50:16 GMT+0800 (HKT),5,24636,1151.4
LEOTIMING,Wed Feb 13 2019 10:50:16 GMT+0800 (HKT),5,24636,1151.6
LEOTIMING,Wed Feb 13 2019 10:50:16 GMT+0800 (HKT),5,24635,1151.4
LEOTIMING,Wed Feb 13 2019 10:50:16 GMT+0800 (HKT),5,24636,1151.6
LEOTIMING,Wed Feb 13 2019 10:50:16 GMT+0800 (HKT),5,24636,1151.6
LEOTIMING,Wed Feb 13 2019 10:50:16 GMT+0800 (HKT),5,24637,1151.8
LEOTIMING,Wed Feb 13 2019 10:50:16 GMT+0800 (HKT),5,24637,1151.8
LEOTIMING,Wed Feb 13 2019 10:50:16 GMT+0800 (HKT),5,24638,1152
LEOTIMING,Wed Feb 13 2019 10:50:16 GMT+0800 (HKT),5,24638,1152
LEOTIMING,Wed Feb 13 2019 10:50:16 GMT+0800 (HKT),5,24638,1152.2
LEOTIMING,Wed Feb 13 2019 10:50:16 GMT+0800 (HKT),5,24638,1152.4
LEOTIMING,Wed Feb 13 2019 10:50:16 GMT+0800 (HKT),5,24639,1152.4
LEOTIMING,Wed Feb 13 2019 10:50:16 GMT+0800 (HKT),5,24638,1152.4
LEOTIMING,Wed Feb 13 2019 10:50:16 GMT+0800 (HKT),5,24638,1152.4
LEOTIMING,Wed Feb 13 2019 10:50:16 GMT+0800 (HKT),5,24639,1152.6
LEOTIMING,Wed Feb 13 2019 10:50:16 GMT+0800 (HKT),5,24639,1152.6
LEOTIMING,Wed Feb 13 2019 10:50:16 GMT+0800 (HKT),5,24639,1152.8
LEOTIMING,Wed Feb 13 2019 10:50:16 GMT+0800 (HKT),5,24639,1152.8
LEOTIMING,Wed Feb 13 2019 10:50:16 GMT+0800 (HKT),5,24640,1153
LEOTIMING,Wed Feb 13 2019 10:50:16 GMT+0800 (HKT),5,24640,1153
LEOTIMING,Wed Feb 13 2019 10:50:16 GMT+0800 (HKT),5,24640,1153.2
LEOTIMING,Wed Feb 13 2019 10:50:16 GMT+0800 (HKT),5,24632,1149.8
LEOTIMING,Wed Feb 13 2019 10:50:16 GMT+0800 (HKT),5,24641,1153.4
LEOTIMING,Wed Feb 13 2019 10:50:16 GMT+0800 (HKT),5,24640,1153.4
LEOTIMING,Wed Feb 13 2019 10:50:16 GMT+0800 (HKT),5,24640,1153.4
LEOTIMING,Wed Feb 13 2019 10:50:16 GMT+0800 (HKT),5,24641,1153.6
LEOTIMING,Wed Feb 13 2019 10:50:16 GMT+0800 (HKT),5,24634,1150.6
LEOTIMING,Wed Feb 13 2019 10:50:16 GMT+0800 (HKT),5,24641,1153.6
LEOTIMING,Wed Feb 13 2019 10:50:16 GMT+0800 (HKT),5,24641,1154.6
LEOTIMING,Wed Feb 13 2019 10:50:16 GMT+0800 (HKT),5,24641,1153.2
LEOTIMING,Wed Feb 13 2019 10:50:16 GMT+0800 (HKT),5,24642,1154.8
LEOTIMING,Wed Feb 13 2019 10:50:16 GMT+0800 (HKT),5,24643,1155.2
LEOTIMING,Wed Feb 13 2019 10:50:16 GMT+0800 (HKT),5,24643,1155.2
LEOTIMING,Wed Feb 13 2019 10:50:16 GMT+0800 (HKT),5,24643,1155.4
LEOTIMING,Wed Feb 13 2019 10:50:16 GMT+0800 (HKT),5,24644,1155.4
LEOTIMING,Wed Feb 13 2019 10:50:16 GMT+0800 (HKT),5,24643,1155.4
LEOTIMING,Wed Feb 13 2019 10:50:16 GMT+0800 (HKT),5,24644,1155.6
LEOTIMING,Wed Feb 13 2019 10:50:16 GMT+0800 (HKT),5,24645,1155.6
LEOTIMING,Wed Feb 13 2019 10:50:16 GMT+0800 (HKT),5,24645,1155.8
LEOTIMING,Wed Feb 13 2019 10:50:16 GMT+0800 (HKT),5,24646,1155.8
LEOTIMING,Wed Feb 13 2019 10:50:16 GMT+0800 (HKT),5,24646,1156
LEOTIMING,Wed Feb 13 2019 10:50:16 GMT+0800 (HKT),5,24642,1155
LEOTIMING,Wed Feb 13 2019 10:50:16 GMT+0800 (HKT),5,24627,1149.6
LEOTIMING,Wed Feb 13 2019 10:50:16 GMT+0800 (HKT),5,24642,1154.8
